user_id,movie_id,rating
29,719,2
47,434,4
15,1557,5
52,172,5
59,190,4
74,368,4
22,326,3
67,86,4
6,658,1
74,459,3
73,1377,3
70,101,3
12,237,5
35,681,5
11,161,5
60,189,5
83,285,2
21,747,3
85,738,4
71,289,3
93,193,4
66,321,3
67,1151,3
81,285,5
59,828,3
29,55,5
73,654,4
40,1139,1
85,81,5
11,37,1
40,654,4
27,225,5
60,149,5
60,190,5
18,216,2
64,302,1
5,1539,5
68,25,3
35,1264,5
67,410,2
87,131,4
62,176,5
13,1216,3
80,639,5
85,1078,5
60,187,4
49,443,3
70,194,5
18,157,3
22,125,4
89,326,4
79,245,1
27,404,3
28,1024,4
47,339,5
49,453,3
12,281,5
7,278,2
84,474,4
93,184,4
57,299,4
17,274,5
11,244,3
73,691,3
13,581,1
78,259,1
6,214,2
93,422,5
7,287,2
5,470,3
67,234,3
40,500,3
39,386,4
6,972,2
9,328,4
0,627,5
13,345,2
77,844,4
50,357,4
5,475,1
93,195,4
52,738,1
12,27,5
67,30,3
60,70,3
74,1034,3
31,894,2
67,1552,3
11,181,5
99,192,4
40,281,3
15,339,2
6,1027,2
78,507,4
33,229,4
27,566,1
62,78,5
6,565,5
60,819,3
52,96,3
34,741,3
98,268,5
44,510,3
89,410,5
82,192,4
44,22,4
83,345,4
21,870,2
63,268,5
27,272,3
74,187,5
94,631,5
70,499,5
70,520,5
78,271,5
13,590,3
34,147,3
60,832,3
40,379,3
35,687,5
3,1619,3
29,577,2
40,71,4
59,767,3
40,52,4
40,327,5
0,819,2
95,474,3
68,686,2
14,267,3
94,927,3
31,406,2
61,1394,4
70,154,2
13,1231,2
53,453,3
60,191,3
16,293,3
80,332,3
13,1219,4
5,767,4
27,634,3
52,167,5
31,281,4
55,321,3
49,46,2
21,284,4
10,287,4
13,174,3
90,244,3
85,28,2
52,110,4
13,454,4
60,0,3
59,195,5
33,449,3
3,1476,3
52,751,3
60,480,3
70,968,4
76,489,4
32,49,5
27,509,5
50,760,3
27,649,3
6,491,4
57,391,5
77,406,3
16,874,1
71,295,3
99,6,3
44,230,3
36,968,3
22,558,3
40,208,3
49,474,1
92,741,3
39,434,3
6,141,2
68,1220,3
9,1432,3
39,209,5
4,1294,3
59,10,2
67,754,3
96,133,5
24,384,5
85,558,4
30,285,3
15,189,4
44,187,2
68,348,4
89,272,5
60,1,3
36,2,2
11,365,5
6,685,2
40,90,5
62,179,5
11,734,5
81,268,5
57,214,4
56,894,2
93,158,3
87,1114,2
83,340,4
13,471,3
60,615,3
65,877,5
73,159,2
39,126,5
52,499,4
15,18,3
89,748,3
5,108,5
31,474,4
11,778,4
24,684,3
52,509,4
29,225,2
36,618,4
22,183,4
41,140,4
49,712,2
57,210,4
32,180,4
73,545,3
59,1045,4
27,641,3
60,1221,3
59,236,4
67,740,4
71,273,3
41,172,5
73,863,3
73,317,5
1,870,3
31,1406,3
62,54,3
31,172,4
27,124,4
39,69,4
18,408,3
28,331,3
13,778,3
99,10,5
83,888,5
22,298,1
44,30,2
12,380,4
13,404,2
1,738,5
26,150,5
94,195,5
95,306,3
74,117,4
68,365,3
62,209,5
37,0,3
20,124,3
33,221,4
53,58,5
37,173,3
97,303,4
18,217,1
60,117,3
70,780,4
12,49,4
67,10,5
59,392,4
31,58,2
74,136,2
68,924,3
74,691,4
82,688,3
52,384,2
67,733,3
5,180,5
50,126,4
13,939,2
62,549,3
59,57,4
99,97,5
24,232,4
27,210,5
54,116,1
11,654,5
55,493,3
6,155,4
68,1057,3
62,707,2
67,179,4
74,878,3
11,1219,5
5,587,4
51,268,5
3,244,4
2,105,1
46,339,3
22,216,3
62,762,3
77,201,5
49,253,3
90,312,5
97,236,4
49,496,4
49,661,3
40,596,4
41,392,2
11,627,5
36,1038,3
18,47,4
73,116,3
11,65,2
62,70,5
40,215,4
57,451,2
17,309,3
62,415,5
85,830,1
39,78,5
3,255,2
24,522,3
65,172,4
97,116,5
73,201,3
1,254,5
13,208,3
87,647,4
1,782,4
5,205,5
60,582,3
82,301,5
47,527,4
13,78,4
90,257,5
67,146,3
99,1013,3
72,322,3
11,978,4
67,133,4
38,448,4
3,894,4
59,1032,4
99,150,5
3,682,1
6,731,2
90,988,4
58,312,3
6,1477,2
40,400,4
80,250,3
35,873,5
11,195,5
92,14,4
22,716,3
75,690,4
52,324,1
36,872,4
11,450,1
82,297,5
3,878,3
40,3,4
49,927,4
0,234,4
36,146,3
49,71,4
22,236,4
6,470,2
73,523,4
49,745,4
39,822,2
27,204,5
50,55,5
3,1384,4
39,579,3
60,175,3
7,220,4
36,1037,4
11,447,4
72,293,3
27,484,5
92,290,3
71,282,5
79,115,1
39,706,5
85,664,1
11,543,4
60,580,2
87,356,4
4,267,4
70,635,4
57,960,4
82,695,3
38,49,5
62,735,3
31,93,3
17,680,3
6,180,4
85,234,5
3,258,1
92,244,4
50,671,2
57,1092,1
80,273,2
73,659,4
49,1375,2
49,519,4
99,57,5
53,502,4
19,331,5
67,474,4
29,539,4
85,231,5
60,481,3
49,88,4
27,213,5
37,209,2
3,1383,3
90,878,5
3,1392,2
6,247,3
6,215,3
17,0,1
70,950,4
59,43,3
3,247,4
40,465,4
41,132,2
99,588,4
68,317,5
18,62,4
13,26,3
75,209,5
27,192,5
40,683,4
27,419,5
85,796,4
5,464,5
4,300,3
20,236,4
49,664,2
29,654,5
93,233,4
40,558,4
49,104,3
57,772,3
75,356,5
99,418,4
11,69,4
6,1619,2
87,193,4
27,38,5
40,316,4
55,704,3
67,173,4
99,1072,5
32,247,3
52,225,3
18,1282,3
84,85,2
11,586,4
67,2,4
94,256,3
44,225,3
6,1443,3
13,54,4
40,113,5
16,257,5
3,1243,3
31,108,2
46,285,3
80,409,3
64,901,5
49,499,5
7,252,3
70,201,4
68,590,3
11,478,3
75,194,4
59,49,4
44,49,5
88,331,3
0,275,5
70,27,4
99,202,4
27,163,5
0,122,2
49,196,3
44,454,4
67,68,3
87,418,3
30,244,3
63,285,4
6,281,3
43,64,3
39,735,4
89,254,4
64,305,5
68,845,4
2,124,4
36,321,4
3,292,2
27,590,3
49,584,3
73,977,3
8,507,5
36,277,4
43,356,5
11,671,1
11,954,3
60,272,4
13,707,3
18,434,3
68,422,4
31,466,4
39,185,5
52,27,4
60,777,3
70,431,4
62,210,5
61,332,4
74,362,1
58,244,3
60,650,4
40,274,4
87,515,2
41,196,4
27,10,3
30,287,3
60,55,4
7,241,4
49,560,2
67,460,3
62,608,5
82,434,4
30,293,4
76,305,3
60,549,3
17,114,1
67,21,3
74,96,4
54,179,3
49,755,2
40,234,5
40,1302,2
26,99,5
13,57,3
0,712,5
6,68,4
59,173,5
3,1378,3
62,615,5
85,577,3
92,8,1
50,82,2
82,191,4
12,142,5
5,110,5
9,305,3
3,877,3
99,527,5
41,482,4
13,194,4
39,124,3
41,500,5
46,296,5
44,1490,1
13,181,4
24,264,4
60,257,4
67,190,4
77,432,4
93,182,5
67,216,4
44,1108,2
40,421,3
27,259,1
57,447,5
49,13,2
67,545,4
19,305,5
14,287,4
99,27,4
70,186,5
40,1108,4
27,536,3
46,221,4
62,95,5
57,99,5
60,155,4
22,0,3
4,312,5
80,119,1
44,146,1
67,427,4
99,123,4
33,226,3
65,268,5
73,21,3
67,1072,5
85,1118,4
60,178,3
13,1047,3
31,54,4
80,1193,4
3,1597,2
70,228,3
42,301,4
11,1043,3
55,524,4
0,272,5
82,270,5
52,174,4
13,808,2
82,1244,4
27,51,4
59,1530,4
67,472,4
85,93,3
6,187,5
57,193,3
99,117,3
24,227,4
35,680,5
99,172,5
3,351,1
13,82,3
27,679,4
16,310,4
89,1093,5
27,581,5
15,197,5
85,184,5
9,318,3
27,551,4
48,116,3
0,287,3
11,281,5
36,300,2
11,184,5
50,779,4
3,983,2
27,568,4
60,62,2
67,261,4
62,384,3
6,199,4
49,442,2
60,1202,4
52,282,4
75,125,4
6,596,4
13,95,4
92,507,3
68,279,4
57,157,3
53,131,3
11,152,3
3,937,3
87,82,5
90,688,4
6,181,3
24,565,4
84,511,4
3,1589,3
27,654,5
74,1058,3
5,46,5
97,242,3
55,834,5
8,1067,2
17,426,4
62,925,4
54,275,3
40,398,4
67,257,4
73,41,4
85,1090,4
29,6,5
68,722,2
5,945,4
61,1104,2
60,497,5
40,735,5
15,312,3
39,305,5
27,631,5
27,11,5
6,1138,3
60,691,3
24,82,4
35,358,5
88,288,3
15,13,4
13,400,1
47,653,5
49,152,4
17,260,3
97,256,4
36,1059,1
40,63,5
73,185,4
40,4,4
73,32,2
6,75,3
10,689,5
99,330,5
11,1050,4
70,1284,4
85,210,5
73,831,3
57,297,4
88,321,3
78,275,4
27,431,4
99,297,4
70,514,5
5,127,5
59,3,4
29,23,5
54,427,5
74,1087,1
18,209,3
60,545,3
82,596,4
55,194,4
22,378,2
71,277,3
11,746,3
88,268,4
49,132,4
52,299,2
47,473,5
29,551,3
11,716,3
73,174,1
70,317,5
35,679,5
31,1015,3
13,880,3
50,183,2
3,1651,1
81,309,4
82,830,5
10,936,4
13,1018,5
53,1099,2
46,257,5
6,1043,1
36,306,5
71,99,5
13,93,3
4,302,4
50,253,4
13,446,2
50,317,3
52,397,1
11,553,5
87,482,3
6,404,3
68,220,2
90,749,5
39,18,5
82,759,4
40,1411,1
13,126,5
40,470,5
73,247,3
76,503,5
86,303,3
62,201,2
73,133,4
6,210,1
78,407,5
73,410,3
10,242,5
74,461,2
73,44,3
13,923,5
51,332,3
53,197,4
52,470,4
85,520,5
60,1442,2
6,410,2
49,930,2
11,759,3
6,62,2
27,81,3
18,171,5
99,23,4
52,421,3
70,471,3
13,940,4
70,480,5
11,414,4
59,240,5
40,285,5
34,92,4
52,404,4
36,99,1
3,1190,3
89,259,5
49,120,5
29,382,2
9,299,4
5,608,4
57,419,3
27,469,3
93,49,5
73,187,3
71,285,4
77,408,4
49,322,5
4,345,4
39,513,3
6,61,3
60,181,4
24,207,4
71,256,4
70,156,5
6,801,2
26,281,3
11,226,5
74,290,5
60,142,3
70,207,4
29,1078,3
49,143,4
76,261,5
70,96,5
29,182,4
52,14,3
57,153,4
83,241,5
13,182,3
40,213,2
60,97,4
60,380,3
5,410,4
39,962,5
52,200,4
93,97,5
34,457,3
16,299,4
59,160,5
3,246,1
6,131,3
7,12,3
46,300,4
49,179,1
57,1436,2
24,7,4
24,203,5
60,430,5
44,160,5
13,1090,3
73,7,3
79,708,3
70,477,5
60,228,2
44,254,5
41,726,5
96,126,4
22,14,3
27,643,5
57,117,3
47,424,4
3,897,3
60,494,3
11,257,4
74,402,5
82,679,3
62,565,2
62,173,5
62,704,3
49,168,5
57,738,3
27,140,5
73,170,3
80,212,3
80,211,5
60,581,3
60,483,5
31,22,4
6,365,2
63,1006,4
47,487,4
62,237,4
67,57,3
6,195,2
85,1187,5
15,1622,4
17,275,2
29,404,3
40,968,4
66,306,4
15,542,3
85,431,5
6,95,4
49,176,5
9,327,3
92,596,2
70,109,3
67,174,4
92,281,3
51,553,3
72,323,2
13,228,4
39,37,3
29,251,3
13,356,3
86,270,5
49,194,5
6,818,3
27,554,4
40,402,5
87,384,4
71,279,3
6,966,2
33,10,5
60,526,5
3,303,4
43,292,4
93,185,4
27,71,5
5,377,5
5,86,5
57,256,5
11,731,4
36,234,1
53,505,2
33,21,4
73,848,3
82,331,1
88,323,3
11,385,1
76,497,4
6,96,3
86,268,4
67,385,3
74,976,5
36,193,3
70,429,5
5,595,5
27,68,5
35,340,5
5,278,5
70,10,3
59,185,4
73,734,4
53,305,5
60,662,4
11,83,1
73,992,3
20,194,1
82,1142,5
82,70,4
27,28,3
54,155,4
70,658,4
87,624,3
51,209,5
7,743,3
53,6,4
68,27,4
31,91,4
22,446,4
85,1262,4
6,100,3
74,929,2
59,14,3
45,99,3
82,247,4
70,287,4
22,128,4
86,901,3
50,807,3
8,115,5
44,87,4
32,110,3
22,474,4
50,66,5
49,177,4
49,78,5
49,290,3
60,653,4
52,227,4
22,1006,4
6,197,4
82,1033,1
67,356,4
98,285,5
13,11,5
60,80,3
40,229,2
60,1117,4
57,504,4
50,78,4
60,1208,3
28,301,4
2,1027,2
41,87,5
82,1257,3
18,407,5
70,124,4
74,120,3
67,96,3
33,49,5
68,1441,3
75,662,5
11,571,1
16,263,2
76,78,2
53,0,1
57,621,4
70,469,4
71,250,5
67,268,4
49,167,5
75,55,5
99,225,4
50,264,5
87,65,3
77,20,3
85,54,2
52,210,4
51,96,2
73,467,4
26,1162,2
29,558,4
74,464,3
16,878,4
70,272,4
57,727,3
47,474,2
11,6,5
91,738,2
46,321,3
50,409,3
73,318,3
85,139,5
44,442,3
81,677,2
61,348,3
26,268,4
57,182,3
3,1240,2
27,665,4
13,332,4
50,81,2
73,356,5
47,8,5
6,861,2
49,378,1
83,244,3
31,75,4
29,183,3
68,517,1
29,81,4
13,69,4
6,401,1
73,1435,3
46,267,4
59,280,3
4,307,2
70,0,5
84,164,4
44,16,4
14,354,4
73,290,3
70,796,4
31,507,4
29,430,5
49,144,4
62,1218,4
67,316,4
9,1433,1
96,132,4
80,472,3
74,90,1
68,96,5
67,553,4
27,671,1
67,239,3
68,364,3
94,156,4
11,301,3
11,50,5
11,832,3
75,65,4
5,1495,4
68,1380,3
13,81,4
8,14,3
11,760,1
11,923,5
57,154,3
53,237,4
55,106,4
77,1078,4
55,492,5
76,270,4
68,552,4
11,1303,1
31,245,5
49,662,1
27,494,5
85,451,2
27,427,5
6,204,1
40,471,4
73,762,3
73,285,2
3,1385,3
73,553,2
5,500,4
46,878,4
59,48,4
94,132,5
40,24,4
91,380,3
59,622,5
60,1009,3
55,483,4
49,293,3
93,88,4
13,61,3
40,522,4
85,731,4
46,14,3
0,299,3
73,272,4
3,899,3
85,200,2
58,288,3
51,357,3
88,301,4
74,23,3
13,921,3
33,88,5
1,739,4
53,1140,3
27,202,5
72,254,3
85,157,3
27,190,5
48,596,2
59,0,5
52,272,4
7,148,4
78,0,5
55,56,5
11,176,5
36,18,3
36,357,2
48,221,3
57,580,4
73,11,3
57,101,3
80,1371,4
22,256,4
60,1078,2
40,167,4
74,332,5
1,774,4
31,63,5
12,734,5
18,177,4
13,889,2
9,905,1
47,212,5
27,529,5
15,223,2
60,632,3
24,63,4
13,72,5
49,24,2
40,719,3
60,534,2
4,324,2
67,663,2
13,875,3
90,303,3
73,289,2
13,442,3
73,280,3
50,1046,3
49,66,4
3,532,2
13,384,3
39,738,1
13,677,1
18,117,4
50,755,1
3,126,4
49,363,5
67,1112,5
59,202,3
60,85,5
5,471,4
62,150,5
36,992,3
87,486,2
36,675,3
67,948,3
74,95,4
99,483,5
70,476,4
13,657,4
52,53,3
62,134,3
49,390,3
8,274,4
94,609,5
75,1053,1
75,341,5
24,183,4
27,675,3
59,661,4
85,178,5
5,691,5
63,346,4
73,67,2
49,87,4
67,25,4
99,485,4
39,282,5
22,451,3
13,22,4
53,268,5
13,394,3
13,800,3
11,201,4
28,257,3
40,472,4
86,749,4
41,184,5
35,331,5
3,936,1
28,269,4
50,159,4
1,96,5
87,180,3
59,560,4
30,24,2
62,759,5
41,285,4
50,384,3
99,206,5
21,146,4
67,180,4
18,150,3
7,116,3
39,401,3
27,184,5
70,63,4
41,434,4
50,199,4
27,430,4
95,289,4
11,191,5
11,57,5
67,479,5
47,179,5
4,310,3
82,986,1
73,293,3
49,1227,3
47,13,5
11,95,5
5,203,5
60,1284,3
3,260,2
60,167,5
38,124,4
67,218,2
94,24,5
70,624,3
94,457,4
31,401,2
53,174,4
6,117,3
60,630,4
78,345,3
87,504,2
67,450,3
1,1052,5
5,90,5
32,474,5
73,1114,2
82,341,2
2,470,3
27,596,3
13,467,5
83,537,3
60,232,3
17,687,2
67,830,2
73,57,3
11,32,5
63,749,4
3,1614,3
62,477,3
82,3,5
60,113,5
74,654,5
13,107,3
13,1302,2
9,287,1
74,287,5
11,1034,2
36,677,4
5,408,4
82,345,5
51,354,2
75,179,5
82,342,2
37,116,3
60,1437,1
44,10,4
67,1013,2
12,590,5
31,1034,3
70,647,4
49,522,3
36,1046,3
27,268,3
74,214,4
68,923,3
57,356,4
9,937,3
67,818,2
5,431,5
94,484,5
60,41,5
13,123,2
92,684,3
11,79,1
75,567,4
90,285,5
80,1009,4
37,522,2
89,338,3
17,839,4
18,519,4
38,256,3
12,14,5
70,494,4
74,870,4
26,1078,2
37,174,2
13,768,2
40,450,4
70,1223,4
70,611,5
15,1020,3
82,1675,2
90,310,4
67,575,3
22,1198,3
38,227,5
75,495,4
85,181,5
6,290,4
25,747,2
1,410,4
75,208,5
89,741,5
53,285,4
60,256,4
75,84,5
74,98,3
74,126,5
13,271,5
51,751,4
41,97,4
39,0,5
70,1117,3
5,64,5
85,70,5
37,105,4
57,81,4
83,300,2
99,167,5
53,867,4
11,362,4
51,894,3
73,457,3
49,762,2
51,49,5
24,398,3
67,231,3
60,355,3
1,844,3
67,299,3
40,576,3
49,1091,1
54,346,3
50,28,5
52,0,5
60,166,3
11,594,2
6,516,1
21,741,4
62,401,5
88,902,4
17,1083,5
53,734,4
44,840,2
49,780,4
52,240,3
60,762,4
49,185,5
73,297,3
82,594,3
78,1083,5
13,157,2
82,1131,3
11,626,3
31,47,5
60,590,3
43,172,4
9,876,2
67,653,3
14,322,2
6,510,4
3,1225,2
5,171,5
93,207,4
43,1134,5
85,185,5
11,741,5
68,320,2
49,116,2
37,708,4
13,222,1
42,314,5
57,1276,4
60,140,3
39,481,5
42,1292,5
57,484,4
59,193,4
59,446,3
31,650,4
47,1062,5
15,1157,4
29,62,4
29,221,4
60,206,4
31,683,4
62,213,5
67,614,3
60,57,4
55,284,3
13,350,4
50,654,4
49,68,1
40,87,4
16,321,3
11,745,5
85,172,5
50,91,3
27,201,3
46,325,3
49,67,1
91,1354,1
40,264,5
16,322,4
67,143,4
73,10,3
5,273,1
71,314,1
41,457,2
22,671,3
13,150,5
50,256,3
60,966,4
85,154,3
15,285,4
50,238,3
60,11,5
6,377,3
1,14,5
36,294,3
20,844,2
27,552,3
31,384,4
59,464,4
18,281,4
18,709,5
22,52,4
82,173,5
13,596,1
11,410,1
11,824,5
75,335,3
86,315,4
54,24,5
14,677,2
70,221,4
30,327,3
49,472,3
60,1011,3
25,1126,4
59,948,2
57,1040,3
60,527,4
85,183,5
50,627,3
13,153,5
87,27,2
13,249,4
0,1113,2
52,269,4
11,350,3
99,843,5
13,191,3
39,152,2
56,269,3
94,134,5
40,217,4
6,127,3
70,4,4
3,1536,3
50,392,3
90,747,4
80,116,3
70,130,4
3,263,4
73,63,5
12,683,5
3,1377,2
47,202,5
62,863,4
11,192,5
43,178,4
59,1053,3
85,150,5
27,194,5
74,454,2
15,729,3
11,420,4
50,30,4
57,401,4
13,32,4
60,1038,5
60,99,5
60,161,4
13,475,1
67,302,3
53,490,3
78,741,3
32,741,3
80,1366,4
62,198,4
4,261,1
28,330,2
67,686,2
70,191,5
27,150,4
36,122,3
37,254,3
3,1537,3
59,214,5
6,1015,3
74,245,4
57,971,3
82,817,2
94,68,5
90,327,4
11,33,4
31,16,4
62,442,5
51,537,5
49,440,3
68,386,4
40,64,3
59,224,4
92,120,3
41,65,1
42,339,4
28,285,3
91,780,5
36,845,4
35,321,3
58,236,3
24,55,3
85,385,3
27,100,5
6,471,1
13,548,3
25,270,1
52,650,5
27,561,5
82,1104,4
5,577,4
67,561,3
60,217,3
49,199,2
64,49,5
92,287,5
60,1295,2
44,257,5
85,53,5
73,17,2
93,178,4
57,715,4
6,142,3
6,1064,1
29,312,5
15,735,4
3,1416,2
29,560,4
22,925,2
7,1010,4
6,443,1
72,123,4
52,488,5
50,451,3
6,271,4
79,420,4
52,188,2
32,150,2
82,160,3
1,277,4
49,287,4
37,112,5
40,422,5
22,1186,4
73,1224,3
62,187,5
61,327,2
68,1043,3
49,94,3
87,434,3
67,163,4
67,281,4
11,685,3
49,779,1
32,590,3
40,236,4
27,586,4
56,299,4
94,632,5
3,990,2
40,6,5
27,178,5
68,661,5
82,329,3
39,296,5
5,430,3
11,475,5
11,1046,4
40,392,3
70,67,4
27,207,5
55,496,3
7,256,2
16,342,3
94,175,4
41,134,5
1,486,5
16,301,4
7,296,3
87,489,3
13,121,3
59,37,2
67,58,4
67,99,4
6,176,3
54,791,3
73,1271,3
39,245,5
15,1500,4
39,85,5
43,254,4
60,82,4
59,337,3
3,1661,4
13,719,4
13,127,4
43,474,5
24,171,5
89,274,4
52,215,3
0,545,4
71,299,4
27,26,4
87,567,2
82,880,3
11,874,4
27,21,5
40,418,4
52,132,2
73,432,3
6,49,5
49,861,1
82,263,2
68,236,3
13,49,5
66,287,4
23,900,4
37,125,5
5,256,5
29,215,3
48,274,5
41,317,3
0,119,3
49,103,1
84,508,3
3,1137,2
18,207,3
50,79,2
60,392,3
70,126,5
43,270,3
6,738,3
56,689,2
44,985,2
67,492,3
78,332,3
68,124,3
60,920,2
27,657,3
68,735,3
57,213,4
88,285,4
67,473,4
3,342,2
50,741,3
24,228,2
33,448,4
9,344,3
29,157,3
67,201,3
60,54,4
24,167,3
90,339,1
89,474,5
20,356,5
40,105,3
22,435,3
68,28,3
75,150,4
27,442,5
70,524,5
23,285,5
55,660,5
37,285,3
54,317,5
3,872,4
54,508,5
13,116,4
12,95,4
67,979,4
36,251,4
94,14,5
29,216,5
62,404,5
62,482,3
54,716,5
50,2,5
60,482,5
58,339,4
12,753,4
27,678,5
11,942,5
52,142,1
99,422,5
95,1047,4
53,946,5
87,283,1
60,136,5
94,504,3
72,203,4
3,298,3
50,218,3
4,336,2
52,117,3
27,633,5
35,267,5
5,242,1
6,237,1
13,270,4
80,474,5
62,207,5
13,75,3
13,526,3
40,715,2
60,1300,4
11,96,5
13,575,4
24,143,5
52,303,4
54,743,3
6,198,4
20,944,4
57,385,3
52,187,2
20,509,1
11,990,2
36,1015,4
60,153,3
47,656,5
89,291,3
5,831,2
85,565,4
7,311,4
13,958,4
70,479,4
96,233,4
20,607,4
78,268,5
85,522,5
65,186,5
73,513,4
27,495,5
70,28,2
2,543,4
12,173,5
82,1008,2
52,204,3
70,71,4
67,730,2
27,130,5
94,590,4
12,167,4
6,196,3
76,152,4
36,1012,3
11,63,5
25,299,5
11,89,1
45,844,3
6,525,3
73,525,4
53,1100,4
99,602,5
87,120,2
68,293,4
49,431,5
60,20,2
94,605,5
27,236,5
60,409,4
67,694,3
59,1031,3
82,158,3
13,692,3
52,212,4
85,503,4
11,210,5
57,207,4
60,1019,4
60,234,3
82,122,4
82,346,5
13,659,2
24,120,3
88,344,4
45,221,3
75,312,5
17,288,5
45,171,5
3,885,3
36,931,4
90,321,5
60,529,4
13,385,2
29,87,3
43,175,4
73,203,3
96,173,4
24,21,4
36,15,2
82,124,4
41,4,4
3,750,2
59,1027,4
78,474,5
73,844,3
55,192,4
70,525,4
49,65,5
13,143,3
91,1258,1
70,762,2
67,88,4
49,478,4
40,1530,3
23,891,4
60,602,4
60,746,3
75,1243,3
87,197,2
37,264,3
73,1048,3
13,1092,3
2,846,4
27,577,3
33,987,4
57,166,3
61,287,3
27,9,4
47,271,3
64,257,1
70,68,5
18,37,3
85,377,5
62,525,5
93,225,4
91,1405,4
40,98,3
84,918,3
44,946,3
37,23,1
52,469,5
92,747,3
16,285,5
85,63,5
27,460,4
40,201,5
70,366,4
1,282,4
13,805,3
71,278,4
5,709,5
6,1086,2
54,123,5
74,238,5
60,14,5
65,133,5
55,301,5
49,62,4
42,257,4
67,207,4
75,368,3
26,248,4
40,127,4
84,528,4
55,11,4
62,233,5
49,563,1
27,562,2
60,61,3
59,203,4
87,587,4
41,415,5
41,193,5
74,64,2
94,508,4
40,475,2
56,331,3
62,322,4
52,1607,2
26,24,2
5,81,4
68,281,4
62,509,3
36,596,3
62,428,5
5,0,5
60,194,4
75,1015,3
64,268,4
93,180,4
57,62,3
67,1069,3
18,624,3
70,418,3
27,497,5
80,458,4
99,251,3
49,435,5
87,132,2
79,301,5
92,470,5
24,505,3
1,32,5
60,173,4
13,737,3
18,167,4
20,126,4
18,1300,3
13,653,4
74,143,5
78,1006,3
1,50,4
82,684,4
60,165,5
70,75,4
66,293,1
14,298,4
40,163,4
71,305,4
99,1038,4
3,1387,3
49,454,3
49,166,4
6,1182,1
65,275,5
49,1336,3
85,195,3
21,242,2
51,293,3
94,627,3
13,894,4
92,6,4
95,894,3
9,350,3
50,1206,2
73,169,4
60,96,4
67,434,4
57,132,5
29,49,5
38,234,3
39,502,3
11,1620,1
53,179,5
82,471,3
60,7,3
68,554,3
74,16,4
68,688,3
65,875,5
24,37,2
75,230,5
94,204,3
13,550,2
31,55,5
62,200,5
87,427,1
44,4,2
3,1253,3
11,755,1
62,131,5
37,7,3
11,283,4
49,70,3
68,726,4
40,175,5
44,685,3
6,385,1
59,110,4
27,680,1
27,539,3
59,306,3
11,1375,1
78,122,3
91,735,3
61,750,4
54,124,2
68,675,3
59,424,2
87,203,2
60,498,4
60,418,4
75,203,5
11,769,2
6,701,3
57,141,3
60,213,3
60,479,4
40,257,5
76,810,4
6,721,1
27,490,5
82,1058,3
27,514,3
7,275,5
61,312,4
22,918,5
15,282,4
35,880,5
50,67,4
40,938,4
85,209,5
60,960,3
6,190,5
57,322,4
97,537,4
62,870,3
62,403,4
38,630,4
27,563,3
13,1304,3
55,198,4
11,116,5
73,173,4
76,174,5
11,356,5
26,1381,3
6,209,4
99,114,4
49,742,1
82,78,4
41,142,5
68,321,2
11,167,5
74,422,4
96,242,3
72,209,4
31,1066,3
50,158,4
15,739,4
80,309,3
60,469,5
89,339,5
52,7,5
78,874,3
33,312,5
11,240,4
46,272,3
70,510,5
74,470,4
1,283,5
11,354,4
27,182,4
59,741,4
26,411,5
99,327,3
27,395,4
38,470,5
31,249,5
24,134,1
50,233,3
59,364,5
81,99,4
24,404,2
13,147,3
31,357,3
50,122,3
67,746,4
64,301,3
6,10,2
39,318,3
67,942,3
11,299,4
94,293,3
74,507,3
88,538,2
78,281,3
47,187,5
67,1005,4
27,626,3
70,229,4
50,565,3
87,987,1
60,318,3
52,120,4
13,553,3
74,236,4
39,483,4
50,778,3
40,754,4
55,522,3
70,541,1
78,6,4
5,825,1
70,120,4
13,28,2
67,487,2
47,530,3
96,299,5
59,146,4
20,13,3
54,299,3
37,170,1
15,212,5
49,1109,3
67,225,2
57,76,4
93,495,5
52,21,4
67,238,4
0,684,5
67,149,5
60,386,4
68,377,4
4,268,5
59,578,4
74,185,5
3,1250,3
87,130,4
49,102,1
67,683,2
60,509,4
45,863,4
54,97,5
3,1088,2
34,6,3
31,930,3
61,343,1
26,121,3
96,203,3
29,402,4
33,173,3
59,178,2
27,640,5
99,1141,4
29,127,3
70,384,3
93,226,5
70,600,5
59,650,5
61,267,5
18,762,2
6,669,1
5,114,5
27,165,3
77,185,5
27,96,5
77,210,4
13,283,4
40,85,4
70,167,4
57,369,3
40,560,4
29,143,5
52,495,3
75,168,5
27,555,3
68,1207,1
86,299,3
73,461,3
5,1472,1
82,1597,3
51,306,4
33,287,3
39,171,5
77,411,5
40,57,5
0,221,5
67,230,3
60,290,4
27,231,3
44,6,5
82,840,3
1,66,5
50,272,5
6,1022,3
60,411,4
85,228,3
70,819,3
24,545,3
49,37,5
0,457,3
1,784,5
62,659,4
43,97,4
74,469,5
62,81,5
60,685,2
40,42,3
96,497,3
60,788,4
70,824,4
30,333,2
49,376,3
0,474,4
49,1027,2
49,495,4
34,335,3
26,845,2
73,530,4
59,822,3
68,238,4
27,132,5
27,639,3
74,104,2
67,182,3
73,755,2
52,287,3
50,1089,3
31,49,4
99,299,4
98,348,1
70,179,5
31,287,3
59,7,4
64,285,2
59,95,4
50,805,4
68,1038,5
27,30,4
70,215,5
40,202,5
11,943,2
36,356,4
33,930,2
70,55,4
67,90,4
95,12,3
59,1034,3
23,677,5
49,482,5
93,482,4
85,167,5
18,731,4
5,1059,5
19,244,4
11,684,1
99,1,4
67,160,4
75,1072,5
23,291,3
13,40,3
43,747,4
94,684,4
13,264,3
20,135,4
1,865,5
94,513,3
12,227,4
44,451,4
68,468,1
73,590,3
68,275,3
67,549,3
76,1019,3
70,99,5
74,981,1
57,615,4
57,371,4
59,78,4
3,1278,3
49,297,2
74,1243,3
50,650,3
7,297,2
0,150,3
89,689,4
27,434,5
82,411,2
40,142,4
27,191,4
40,1216,3
51,282,5
12,241,5
27,605,3
59,63,5
55,13,3
82,249,5
7,19,4
31,69,3
89,322,4
59,404,3
5,21,5
11,67,2
13,55,4
18,14,5
6,193,3
99,524,5
40,548,3
11,146,4
36,290,4
7,312,4
3,688,3
13,418,3
1,631,4
12,415,3
4,337,2
45,180,5
49,768,1
7,1379,3
15,508,4
68,331,3
38,449,2
94,161,5
19,299,5
3,321,4
1,366,3
87,0,4
57,105,3
41,581,4
62,370,2
44,287,5
60,403,4
96,300,4
54,236,5
43,171,4
11,707,1
3,988,3
6,509,2
27,378,4
13,162,3
20,55,2
31,31,4
11,691,4
27,498,4
74,289,3
72,814,3
13,723,4
74,327,4
39,426,5
87,432,4
57,502,4
93,522,4
27,448,3
70,203,4
6,430,4
40,196,4
6,1034,2
55,510,4
49,411,1
34,281,1
73,791,2
13,1439,2
82,455,2
6,495,2
73,1027,3
44,95,5
92,590,4
26,117,1
28,325,2
49,124,2
20,189,5
39,68,4
57,972,4
30,322,3
74,131,5
13,1046,3
67,1152,4
60,427,4
93,7,2
70,421,1
11,1117,5
27,167,5
13,627,4
73,567,4
67,677,3
62,171,4
11,81,5
67,78,3
36,297,3
88,305,4
93,433,5
73,91,2
71,298,4
31,183,4
53,213,3
5,476,1
62,464,5
57,1438,4
70,143,5
60,108,3
15,1346,2
3,1662,2
70,158,4
13,760,4
65,190,5
59,293,4
57,121,1
62,22,3
75,314,5
90,358,4
6,6,2
40,124,4
57,659,4
92,309,4
5,930,3
27,6,5
40,96,4
93,179,3
11,430,4
88,886,4
13,1227,1
47,640,4
19,288,4
67,522,4
73,3,4
1,120,5
20,704,5
77,587,4
44,525,2
29,153,3
49,725,3
49,28,2
98,897,5
3,1087,2
61,269,5
85,88,3
13,258,3
60,595,3
99,249,3
40,66,4
11,180,2
11,672,4
76,492,5
99,606,4
13,91,5
6,501,2
40,183,4
88,300,5
60,3,4
36,335,2
70,567,4
23,689,5
94,498,5
62,484,3
72,0,4
60,1424,3
44,78,2
24,230,2
9,349,1
72,207,3
43,297,4
40,774,1
66,285,3
43,120,3
57,416,3
67,337,1
82,146,4
27,580,5
67,958,3
20,654,5
68,1400,1
12,215,5
74,172,2
40,590,4
1,363,4
87,152,2
80,1010,4
70,522,5
22,150,4
60,273,3
90,331,5
36,274,4
51,322,4
0,762,1
78,935,5
65,1006,5
82,824,4
45,282,2
13,156,4
31,468,3
85,659,3
60,71,2
62,417,4
17,332,5
99,275,5
44,582,3
68,69,2
73,132,4
37,175,3
74,173,4
6,695,1
3,271,5
6,517,2
40,189,4
82,285,4
40,133,5
98,339,4
11,808,5
31,750,4
1,152,4
47,463,4
39,232,5
73,134,2
60,1032,1
22,369,2
85,233,5
27,171,4
3,1512,2
68,76,4
11,404,3
67,781,2
69,299,4
13,37,3
27,565,4
60,504,4
54,173,3
55,602,5
87,94,3
48,283,3
18,172,3
78,49,5
39,233,5
96,482,3
28,357,1
13,721,4
13,41,5
62,450,4
11,209,4
85,120,5
62,658,5
73,460,3
40,779,2
67,532,3
31,23,5
54,196,4
63,530,5
49,675,2
21,236,4
57,70,5
94,233,5
76,267,3
4,304,4
49,294,4
6,450,2
46,288,3
87,229,3
57,3,4
27,502,4
0,128,5
92,1312,2
54,312,5
70,193,4
39,560,5
74,147,3
59,995,3
0,475,4
94,133,3
48,987,3
77,203,4
87,227,3
56,291,4
29,293,4
4,285,5
81,1050,3
67,270,3
14,682,2
99,630,5
50,182,4
11,127,4
3,1242,3
27,142,3
45,14,4
68,286,3
7,8,3
3,357,4
6,231,2
6,572,1
3,353,2
27,131,5
97,870,3
46,241,4
13,819,3
74,150,3
50,155,4
74,72,2
7,301,4
53,1198,1
90,677,4
11,580,5
54,126,5
57,806,4
74,158,4
92,293,3
46,407,4
60,708,4
57,722,4
1,87,5
27,172,5
67,1169,2
15,462,5
94,27,4
75,181,5
13,163,3
51,299,4
27,500,5
67,187,5
70,1090,2
29,415,5
49,198,4
62,226,3
73,1045,4
94,193,4
82,844,3
0,279,4
77,624,3
31,99,5
5,931,2
13,298,4
74,270,1
13,38,4
51,474,4
79,110,2
60,661,3
27,573,5
92,326,2
36,686,3
5,1238,3
27,89,3
40,1445,3
85,683,5
41,49,5
24,156,4
5,37,5
27,542,3
3,1126,2
12,87,5
40,199,4
85,10,5
67,493,3
74,122,3
28,327,3
28,747,2
6,778,1
33,182,4
13,650,4
47,123,4
73,534,3
91,774,3
67,41,5
67,1,3
27,557,4
82,289,4
70,419,2
70,825,2
70,26,4
52,178,1
71,313,1
60,1088,2
11,339,4
73,87,2
15,1448,5
92,146,4
50,249,3
77,1008,3
70,185,3
29,287,4
27,600,5
9,244,3
89,327,4
11,160,5
74,176,5
41,143,5
68,106,3
45,125,5
57,453,5
32,1016,3
87,256,3
60,158,3
60,429,4
22,218,4
60,803,3
39,302,5
74,734,2
44,297,4
16,879,4
22,274,5
32,285,1
44,175,2
37,147,1
31,460,4
62,1253,2
62,476,3
13,124,4
6,184,2
31,823,3
13,745,3
5,1062,1
87,426,1
88,261,4
3,1510,2
49,153,5
49,595,3
85,173,5
27,660,5
11,90,1
52,944,5
11,99,4
94,987,3
37,164,5
75,201,5
41,190,5
27,540,2
40,796,3
51,256,3
70,238,4
3,288,3
33,55,4
6,317,4
40,1,4
32,1007,4
75,801,3
59,1218,3
67,189,3
59,217,3
42,299,3
85,657,3
78,270,3
99,478,4
1,548,4
30,242,2
56,306,4
16,326,2
43,209,4
6,808,3
90,326,5
43,761,2
3,1277,4
68,527,3
11,1058,3
39,691,3
93,22,3
70,1218,2
24,173,5
8,268,4
13,195,5
37,256,4
3,1604,2
41,152,4
29,448,3
70,275,4
60,215,4
70,24,4
55,237,4
14,312,4
6,1131,1
82,832,3
57,654,4
67,855,4
40,1134,3
82,825,4
15,1154,5
11,55,5
73,22,4
52,182,5
15,170,3
67,1187,2
67,635,4
90,325,5
0,369,4
6,520,4
27,669,5
6,356,4
27,67,4
11,1517,4
28,339,1
56,293,3
13,244,3
35,936,5
49,233,5
3,1588,3
41,442,5
1,70,5
68,548,3
82,1290,2
67,192,4
61,339,5
99,19,2
73,321,3
60,356,5
52,201,4
31,52,4
11,470,5
50,225,4
54,281,1
27,317,5
85,85,5
94,392,5
40,793,3
59,426,4
60,176,4
60,1070,2
40,244,4
72,69,5
27,340,3
27,433,4
31,171,5
93,214,3
72,136,3
82,298,4
62,183,4
87,606,2
41,189,4
27,550,1
60,699,3
89,537,4
13,251,3
89,247,5
11,134,5
27,585,3
87,525,2
13,618,3
53,46,5
96,602,5
6,124,2
82,472,4
27,24,3
74,182,3
13,419,3
75,232,4
31,1266,3
13,622,3
52,430,4
6,1011,4
25,300,1
6,244,4
85,100,5
74,67,5
17,24,4
22,4,3
82,924,3
13,94,5
29,172,5
52,583,3
60,410,3
60,237,5
67,954,3
80,380,4
50,75,5
55,649,5
15,461,3
3,934,2
53,68,5
78,306,2
75,3,4
71,274,5
77,675,3
44,143,4
82,26,4
50,549,4
22,92,4
65,327,3
6,754,2
59,172,5
74,417,4
15,19,4
36,185,4
50,678,3
85,704,4
13,552,3
29,150,5
20,461,5
75,225,5
57,442,3
27,504,3
85,795,4
5,142,5
15,639,2
3,257,4
2,275,5
94,280,4
47,495,5
39,9,5
70,183,4
67,720,3
13,686,2
21,285,3
22,670,4
27,267,3
72,124,4
20,477,4
92,976,2
90,537,4
40,530,5
25,268,3
18,552,4
49,410,2
85,434,5
52,171,4
6,3,3
52,78,4
75,167,5
11,8,5
54,404,2
94,284,4
73,179,3
50,495,3
68,723,3
44,384,5
67,717,4
55,173,3
60,484,3
17,322,5
31,317,5
80,85,4
99,78,5
60,47,3
85,226,5
3,1608,1
3,341,2
49,863,3
68,1151,3
99,149,4
0,507,3
55,97,4
11,91,5
87,198,2
11,215,5
52,168,5
78,120,2
93,196,4
15,164,4
80,243,4
27,481,3
52,229,4
49,923,1
40,1207,2
29,1370,2
60,709,4
16,298,2
11,117,5
60,43,3
5,925,5
57,663,3
5,97,3
40,173,5
13,297,4
85,142,1
82,335,4
49,877,3
93,479,5
21,322,3
49,121,1
70,759,3
89,596,4
27,570,3
9,897,3
71,291,4
59,30,4
31,326,4
11,581,5
3,1104,3
40,187,3
1,482,5
89,124,5
74,3,4
27,214,4
22,199,5
22,234,2
28,270,3
15,1192,5
20,14,4
89,275,5
73,58,4
47,1004,3
39,1193,5
99,287,3
67,168,5
78,590,4
77,167,5
57,475,5
9,347,4
39,19,5
24,88,4
73,4,3
57,503,4
3,893,2
49,221,5
27,285,4
15,970,3
9,258,4
97,117,3
80,287,3
74,391,2
92,716,3
11,1206,1
40,780,3
45,110,4
94,525,3
46,743,5
74,49,5
85,391,5
77,626,4
99,498,5
33,175,2
27,656,4
27,464,4
5,98,5
27,569,3
50,585,2
65,167,5
30,257,3
50,977,2
60,490,3
23,242,3
13,1089,2
13,361,2
92,332,4
96,330,5
56,342,2
5,844,4
49,187,5
40,221,4
62,596,5
32,92,4
80,1008,4
95,245,4
48,150,5
33,99,4
27,501,5
31,1011,4
76,681,2
70,150,4
15,1487,4
13,254,3
83,293,1
68,327,4
22,476,4
67,195,5
6,764,1
78,287,4
75,133,5
32,126,5
58,320,3
27,388,4
31,632,3
79,748,1
54,82,4
82,680,1
70,227,3
6,37,3
36,814,4
17,881,3
60,162,4
73,684,3
49,476,3
26,180,3
40,577,3
69,470,5
13,27,3
86,314,4
60,78,4
82,681,1
85,213,5
40,28,4
3,1291,3
66,311,3
52,186,4
49,180,5
94,324,5
85,126,4
5,422,2
13,221,4
27,549,4
60,207,4
93,211,2
22,550,2
45,68,5
60,23,3
52,1243,3
37,844,3
73,97,4
5,384,4
18,214,5
6,78,4
57,833,2
97,456,3
74,567,4
68,332,3
55,133,4
62,55,2
42,261,4
40,799,1
76,134,4
85,215,4
70,738,4
16,270,1
3,311,4
40,407,5
10,872,5
75,337,5
70,171,5
67,603,3
8,252,5
77,174,4
33,180,5
24,549,4
49,61,5
59,117,3
76,320,4
0,863,3
27,78,4
70,11,5
57,383,2
36,925,4
12,401,5
13,577,3
31,1216,4
57,933,4
40,144,4
6,207,3
40,561,4
93,420,4
3,534,3
70,98,3
60,569,4
17,293,5
67,429,4
49,122,4
94,542,5
82,339,5
89,306,5
70,356,5
82,741,5
1,401,5
49,48,2
39,204,4
27,170,3
58,271,5
50,232,4
73,741,4
75,951,4
99,198,5
49,217,3
62,500,5
52,601,4
81,870,1
71,312,5
85,61,3
74,14,2
29,100,4
54,1193,4
75,731,4
29,379,4
67,193,5
62,683,2
57,627,4
82,1012,2
74,695,4
9,1670,1
67,1230,3
67,321,3
36,24,2
55,49,4
15,165,4
68,1084,1
60,536,4
20,719,3
26,275,4
18,715,2
67,85,4
92,973,2
6,86,4
57,461,4
9,879,3
87,488,3
85,741,5
6,619,3
22,921,4
80,752,5
39,184,5
5,1028,5
55,322,2
45,0,4
85,443,3
96,442,4
60,306,3
40,171,5
52,615,4
75,301,5
40,12,4
5,1282,5
13,217,3
6,236,2
67,177,5
22,514,4
25,293,2
13,796,2
74,317,3
70,187,5
60,779,3
82,974,2
27,602,4
13,803,3
27,90,3
13,582,2
27,610,3
5,227,4
67,94,4
70,1123,4
60,297,5
60,439,1
6,27,4
40,733,3
50,237,2
40,180,5
3,935,3
67,426,4
49,8,1
27,672,3
38,180,2
49,203,5
3,687,2
52,534,3
27,173,5
49,757,2
7,128,3
27,443,5
41,217,4
78,747,1
13,47,4
70,30,4
82,152,3
6,179,5
50,675,3
11,76,3
50,49,4
82,1027,3
5,417,4
60,81,4
39,24,4
13,771,4
29,714,4
62,418,4
2,236,2
60,771,3
46,275,5
70,482,5
75,918,5
33,272,1
11,306,4
10,293,3
27,508,5
39,210,5
29,3,4
5,23,5
52,462,4
40,177,4
49,635,4
57,1083,4
40,86,5
29,741,5
87,213,1
67,1010,3
31,258,4
91,215,3
29,76,3
94,192,4
13,362,2
32,292,4
55,630,4
80,762,2
57,68,4
74,27,4
70,299,4
34,249,4
2,618,4
52,273,4
53,301,5
27,134,5
59,53,4
49,385,4
22,257,4
36,878,4
60,565,3
47,516,5
88,346,5
89,321,4
3,285,2
18,394,2
13,469,5
49,567,5
87,403,1
5,27,5
60,734,4
67,878,3
13,519,4
62,160,5
5,293,5
3,1388,3
85,8,5
27,383,3
40,200,5
6,1100,2
55,171,4
40,692,4
67,70,3
62,229,4
70,66,4
11,974,5
5,257,1
6,549,3
71,281,4
51,327,4
62,650,3
85,287,4
0,288,4
7,223,4
89,762,5
57,55,3
13,716,3
39,381,4
1,240,4
9,747,4
68,401,5
74,54,5
57,66,2
52,474,1
11,228,5
44,158,5
40,746,3
37,63,4
13,426,4
2,99,4
39,44,5
62,88,4
27,355,4
67,381,2
88,686,3
71,12,4
75,777,4
44,202,3
51,344,2
99,509,4
4,332,1
69,14,4
55,30,3
81,282,4
73,804,3
13,931,1
73,106,3
13,257,3
27,8,5
49,632,3
59,21,5
5,194,4
47,99,4
70,232,5
40,168,5
70,273,4
12,3,5
67,539,2
73,37,3
84,59,3
78,297,4
72,513,5
88,306,4
94,608,4
74,420,2
27,601,3
27,644,4
85,1109,4
53,31,4
39,731,3
41,81,5
43,749,4
40,115,4
49,673,3
83,327,2
74,175,3
3,332,3
57,446,4
31,495,3
52,839,1
29,97,5
49,1270,4
8,13,4
99,180,4
13,231,3
67,206,3
15,918,2
68,300,3
33,1239,5
40,355,4
85,384,3
37,280,4
85,1244,5
3,348,3
11,747,4
13,1427,3
6,641,1
73,126,5
68,568,3
2,1116,3
44,55,1
9,898,3
39,503,4
13,585,1
71,13,4
6,473,4
27,450,5
1,156,5
36,7,5
39,661,3
87,485,4
57,161,4
6,156,5
12,214,4
74,272,5
82,126,5
62,72,3
89,753,5
41,719,4
52,70,1
80,514,5
73,194,3
79,874,5
20,479,4
6,41,2
11,126,5
11,467,5
40,195,4
74,215,3
20,94,3
3,1527,2
35,301,4
55,99,4
60,601,5
50,590,3
36,1039,2
29,507,4
60,72,3
18,63,4
15,58,4
59,62,4
29,796,3
0,923,3
13,326,3
96,210,5
41,113,1
68,85,3
13,317,4
70,172,5
49,248,3
67,172,5
8,123,4
66,325,4
67,127,5
62,142,5
5,1011,1
24,280,3
6,762,1
78,750,2
99,487,5
49,224,1
44,1221,3
68,777,1
39,320,2
3,1382,3
50,163,2
11,826,5
49,216,2
16,288,1
18,733,3
9,750,4
87,21,1
3,538,3
66,257,5
15,638,4
59,549,3
36,281,3
3,324,2
93,98,4
59,67,4
67,167,4
52,527,4
94,196,5
93,449,2
87,477,4
13,565,3
67,256,4
68,10,3
78,249,2
22,126,4
63,649,5
60,943,3
60,225,3
28,322,3
40,342,5
52,407,5
25,303,4
39,82,5
85,144,4
77,865,3
99,126,5
85,649,5
74,86,3
49,69,2
72,470,4
1,300,3
37,136,2
49,356,2
67,1109,3
29,342,3
74,818,1
16,330,3
92,897,2
52,471,1
13,1131,3
6,1045,1
31,143,4
34,257,3
11,179,5
61,302,5
28,287,4
75,460,4
80,126,5
73,482,5
30,180,3
71,307,3
24,402,4
11,764,1
0,411,1
85,394,1
39,196,5
82,530,3
13,1010,4
87,497,4
82,692,5
50,280,3
52,603,3
11,807,3
60,183,4
43,184,4
55,41,3
57,560,4
82,563,3
11,163,4
82,348,3
59,116,4
63,426,5
6,162,4
80,1072,5
87,175,4
11,332,5
41,565,4
27,181,4
94,649,5
29,385,3
13,209,4
75,11,5
20,495,5
13,398,4
11,185,5
40,216,4
82,822,3
59,384,5
29,1483,4
6,285,4
27,682,4
87,171,5
88,937,3
98,894,5
36,221,4
59,99,4
68,328,3
20,483,3
49,451,3
68,1044,2
94,1672,3
13,64,3
13,267,5
13,160,3
73,143,3
74,275,3
5,762,5
13,179,3
11,21,5
11,342,4
11,264,4
72,55,3
39,614,5
13,761,3
50,435,2
67,317,4
6,99,4
52,180,5
60,624,3
49,111,2
53,1016,2
90,1315,4
99,428,5
41,476,4
29,32,4
85,477,4
62,408,4
73,315,5
64,258,5
62,410,5
70,152,5
87,329,4
13,751,4
98,750,3
7,123,4
60,2,2
67,249,4
24,126,2
60,1135,4
59,672,3
3,296,3
82,405,2
41,229,1
52,130,3
36,163,4
27,403,5
57,464,3
59,467,3
87,172,5
48,0,4
3,1282,2
60,31,4
83,268,4
6,221,3
22,772,3
94,422,4
60,193,4
59,727,3
73,996,1
57,257,5
51,230,2
26,241,2
52,294,1
89,282,3
91,401,5
49,0,5
99,601,4
62,242,4
99,342,2
44,176,4
44,1596,1
26,475,1
5,1115,5
94,356,5
40,123,5
50,154,3
60,24,4
29,264,4
49,175,4
9,361,3
3,349,4
90,879,2
11,949,2
70,483,5
32,293,3
62,602,5
31,2,4
48,1013,3
15,112,3
0,919,3
88,345,4
49,126,3
97,747,3
70,212,3
58,314,4
21,507,4
28,300,1
3,1006,3
57,321,4
13,186,5
23,894,5
13,110,3
60,1075,2
11,925,2
60,201,4
82,7,4
62,96,5
43,38,4
87,490,2
3,314,4
14,263,4
0,12,4
20,418,4
70,134,5
6,299,4
49,558,2
11,316,5
96,524,3
50,1041,4
11,779,5
29,553,4
24,95,4
17,689,3
73,196,4
39,743,2
59,1270,3
57,399,3
40,728,4
13,239,4
57,195,4
9,301,3
62,422,5
87,512,2
6,1132,2
46,223,5
73,575,3
44,3,5
11,697,4
67,293,3
59,451,3
87,528,5
40,1247,3
11,911,3
41,0,2
52,327,4
27,215,4
74,1290,1
49,398,4
28,303,4
82,338,4
50,176,3
63,302,5
13,175,4
40,11,5
67,770,2
29,449,3
22,395,4
27,548,4
53,633,3
74,1282,1
2,822,4
75,63,5
49,405,3
49,280,3
24,49,5
1,409,4
11,402,3
13,70,5
49,190,5
13,683,3
27,27,5
11,549,5
49,117,4
59,87,3
27,582,2
13,1066,3
47,479,5
57,275,3
77,434,5
40,131,5
73,110,3
37,404,3
82,587,4
87,99,2
82,303,3
60,10,4
17,8,5
85,789,3
70,632,4
9,309,5
99,534,3
40,203,5
40,158,4
67,651,5
67,435,3
57,186,3
13,540,3
47,133,5
78,322,2
7,274,3
27,193,5
82,1088,3
60,224,2
56,285,5
73,514,5
75,692,5
68,730,4
82,865,3
13,214,4
5,654,1
49,739,4
29,227,5
3,887,3
57,281,4
89,331,3
88,314,5
67,150,3
42,310,4
82,771,3
52,339,1
85,180,5
62,238,2
6,264,4
36,826,3
55,256,5
57,194,4
11,517,4
54,121,2
39,186,5
87,176,1
18,251,4
73,1225,2
57,162,4
77,207,5
44,378,3
94,317,5
82,237,5
59,692,1
5,1119,5
85,1541,4
74,209,4
60,842,1
82,9,3
75,238,5
85,580,5
5,490,2
13,942,3
11,259,5
74,942,4
20,1502,5
3,328,3
65,267,5
70,1034,3
67,657,4
85,162,5
74,747,2
78,324,3
51,301,5
31,78,4
53,485,3
62,432,4
78,269,3
67,1078,2
67,82,4
70,379,4
22,294,3
93,156,4
87,143,2
22,249,5
52,930,2
72,677,3
31,939,4
29,770,4
74,281,5
13,281,4
43,116,4
18,385,3
13,789,3
34,627,4
44,54,3
27,237,5
82,366,2
82,1050,2
29,203,5
6,747,5
29,390,4
73,180,3
73,95,3
41,426,4
27,133,4
80,1004,5
7,302,3
82,108,4
88,304,4
30,49,3
85,621,2
22,332,4
83,346,2
74,1046,1
75,789,4
57,392,3
94,420,4
51,595,3
68,1118,3
11,958,5
68,148,1
62,116,3
27,630,4
60,123,4
40,150,5
75,390,3
78,257,3
31,1089,3
49,796,3
31,128,5
52,234,3
93,473,4
87,1019,2
44,120,4
39,280,3
67,159,4
60,1013,3
60,1016,3
80,275,5
93,27,4
40,84,2
96,180,5
36,288,4
94,185,4
13,1220,3
52,478,4
58,287,3
13,807,4
67,868,3
73,715,3
39,276,4
75,67,4
13,351,1
6,447,4
27,179,5
80,105,3
65,1024,5
50,540,3
50,228,3
52,126,5
57,160,4
11,42,2
80,701,5
49,303,5
71,110,4
60,30,3
73,520,4
45,47,3
13,357,3
41,461,5
50,230,3
13,990,2
93,312,5
11,39,1
57,65,4
11,87,4
39,172,5
38,878,3
49,172,5
60,684,3
99,63,5
85,281,5
45,595,5
40,769,3
72,258,2
13,68,4
67,290,3
29,155,4
74,299,5
39,384,1
47,662,5
18,224,3
95,241,5
13,185,4
40,230,3
74,698,1
73,422,4
78,126,4
52,136,4
67,1064,4
20,191,5
6,306,4
7,1250,3
85,52,1
67,134,2
73,409,3
73,846,3
52,356,4
87,662,1
98,357,2
82,16,5
74,297,5
52,510,5
6,718,3
93,432,3
60,172,4
22,6,3
94,186,4
47,483,4
29,95,5
60,435,4
27,80,5
68,21,5
27,52,5
6,82,5
97,0,4
87,944,2
69,49,4
5,409,4
5,928,1
13,67,5
3,1143,3
52,323,1
83,306,3
27,545,4
19,258,3
20,605,3
6,1,1
52,94,4
60,160,3
5,1277,2
62,632,5
26,311,2
56,334,3
11,1252,2
11,460,3
47,301,4
27,152,5
87,433,4
69,475,3
27,189,5
94,312,5
9,1023,2
73,86,4
20,1274,1
29,89,3
70,264,4
82,750,4
57,728,5
57,489,4
73,13,4
57,927,4
26,236,4
32,761,3
40,332,5
83,302,4
27,663,3
85,175,5
50,201,4
89,126,4
16,537,4
67,7,3
36,97,5
57,410,4
57,67,5
75,10,4
57,1414,3
11,217,5
51,366,5
20,319,1
56,345,3
7,284,4
0,117,5
13,84,3
69,180,4
69,126,3
50,467,3
11,75,4
78,330,3
39,49,5
27,647,5
8,846,4
6,76,3
5,547,1
23,307,4
24,577,4
99,134,4
6,54,3
37,268,4
49,1243,3
76,298,4
85,636,3
27,670,5
55,136,4
13,216,4
26,314,3
27,156,5
68,146,3
44,678,3
67,176,4
52,281,5
72,275,3
31,1010,4
13,0,4
49,178,4
68,402,4
60,139,1
11,173,4
50,402,4
73,695,3
13,470,3
41,683,4
11,279,3
62,184,5
85,549,3
31,28,3
27,587,4
7,712,4
84,1020,3
46,320,2
70,1443,3
60,143,4
57,69,3
71,296,4
85,134,3
77,94,5
52,669,3
62,522,5
11,750,4
41,160,3
27,162,4
13,1477,3
27,579,3
57,594,4
46,302,5
1,312,4
74,94,4
13,466,3
40,1046,3
39,97,5
73,565,4
40,372,2
99,196,5
3,1095,2
27,451,5
68,50,4
11,1066,2
60,264,4
41,510,2
27,599,4
60,357,3
42,330,5
76,318,4
73,204,4
22,259,3
11,353,3
70,448,2
60,1223,2
3,1011,2
60,275,5
71,304,3
70,131,5
67,297,4
74,474,4
27,377,5
6,93,2
18,65,4
81,299,4
39,683,4
7,846,3
70,1077,3
70,61,4
70,402,3
99,85,4
3,1390,4
70,422,5
37,189,4
57,244,4
11,218,5
50,53,3
57,27,4
22,306,4
33,61,2
13,189,4
27,479,4
14,349,5
13,1117,3
70,176,4
60,177,4
46,8,5
49,824,4
22,681,2
52,146,3
3,1609,1
6,943,2
29,657,3
96,198,4
60,263,3
86,271,5
60,754,3
13,1221,3
15,706,5
52,264,4
70,72,3
15,862,5
82,874,5
7,531,3
14,325,3
11,48,3
73,81,3
85,506,4
37,870,3
3,294,2
59,865,5
93,201,4
77,454,4
80,121,1
27,668,1
94,503,5
22,99,4
23,747,3
13,366,3
93,450,3
44,684,5
13,237,3
0,828,3
29,83,4
80,1141,4
40,49,5
32,99,5
47,184,5
50,294,3
57,536,3
57,291,5
9,332,3
19,321,4
11,88,4
95,146,4
59,175,5
5,131,4
29,772,4
40,182,4
3,250,3
43,199,4
32,0,3
89,330,4
39,193,4
27,518,4
37,150,2
72,318,3
1,1013,2
82,128,4
99,247,4
12,158,4
73,384,3
31,1209,3
69,251,4
49,928,4
4,320,2
39,163,3
27,69,1
83,344,1
49,457,2
20,65,4
75,303,4
3,347,4
27,98,5
36,863,4
60,231,4
67,63,5
35,1295,5
5,8,2
82,814,3
68,299,4
11,30,4
39,487,5
93,10,2
94,190,4
31,1072,4
97,124,4
85,143,4
80,13,3
27,487,4
6,839,4
62,648,3
7,300,3
70,149,5
58,291,3
85,446,4
68,685,4
60,391,3
59,731,4
68,391,4
11,720,5
13,166,2
40,348,4
49,226,3
3,875,2
40,193,4
11,203,4
60,95,4
70,133,5
87,257,3
3,1381,3
51,346,4
74,1038,5
70,14,4
74,6,4
0,543,3
53,652,3
31,577,4
29,801,1
40,218,4
54,256,5
75,769,4
68,467,4
38,134,5
49,684,5
5,420,5
29,454,4
55,426,5
29,66,5
85,575,3
13,158,3
67,1071,3
62,529,3
67,918,5
0,125,4
44,471,5
82,1094,3
83,318,3
53,932,3
39,131,5
13,715,2
1,762,5
99,164,4
67,0,3
74,239,5
31,226,3
24,67,4
13,24,4
13,204,3
43,483,4
1,110,5
13,943,3
15,969,3
60,692,4
89,300,5
70,691,4
97,147,4
85,138,2
60,466,4
20,196,5
59,199,3
87,1020,1
60,164,5
90,872,3
60,94,3
73,223,3
60,280,3
60,672,3
9,346,4
20,1085,1
27,615,4
73,181,3
70,1453,3
53,474,3
3,1599,3
67,728,3
76,327,2
67,16,4
62,172,3
31,1436,3
62,973,4
27,379,4
70,603,5
10,321,3
74,75,5
38,514,5
11,560,5
99,284,4
57,666,3
52,608,5
80,970,4
66,936,2
39,728,3
6,508,4
1,119,2
13,569,2
94,224,2
50,202,3
27,635,4
66,891,1
40,641,3
41,1125,4
40,568,3
59,435,4
93,356,4
40,233,4
70,69,4
67,675,2
62,825,4
52,65,3
27,471,2
49,602,5
26,1133,1
6,409,1
24,1,3
85,187,4
73,312,4
94,485,4
97,879,4
39,182,5
65,245,5
72,99,4
67,53,3
24,231,3
40,275,5
78,749,4
3,243,4
52,878,4
13,74,4
55,607,4
7,285,4
60,505,4
99,248,3
60,152,4
66,271,5
0,933,3
74,171,5
59,734,5
11,683,5
39,497,5
27,125,3
85,356,5
54,513,3
40,69,4
67,1066,3
74,403,4
36,747,4
6,479,4
59,228,4
3,1587,3
42,293,1
77,215,4
6,171,3
57,790,3
55,432,3
36,454,2
85,94,3
99,222,5
74,283,3
4,301,4
53,7,3
60,1073,3
60,100,4
29,78,5
85,615,4
82,1022,3
73,283,3
77,70,4
3,533,3
93,431,5
39,267,5
60,317,5
70,320,5
27,608,3
5,596,5
50,819,4
57,716,4
82,11,4
24,209,5
59,581,4
49,447,3
36,650,3
59,544,3
66,330,3
44,503,4
71,275,4
82,839,3
62,167,3
98,312,5
32,740,5
73,508,4
79,814,1
27,606,3
40,618,3
80,59,5
98,747,3
52,482,4
60,519,3
50,567,3
7,244,3
22,866,3
40,93,4
99,481,5
11,392,5
49,285,1
88,327,4
22,664,5
39,528,2
23,320,3
22,272,5
82,982,2
35,989,5
88,312,3
67,153,4
87,1298,2
68,190,4
27,46,5
37,239,1
60,337,3
6,440,3
85,581,4
75,52,4
55,320,2
13,557,1
24,127,3
71,254,4
57,224,4
11,569,4
67,251,3
6,448,3
60,196,4
14,330,4
13,379,4
27,390,3
13,561,2
2,9,5
6,505,2
40,43,4
11,727,2
87,655,1
85,447,5
59,283,4
13,134,4
3,299,4
29,185,5
27,416,3
46,301,5
57,201,3
89,299,5
27,662,5
82,352,3
60,501,3
62,377,5
29,978,5
31,297,4
11,155,5
14,244,4
59,807,3
0,123,3
13,171,5
3,884,3
28,326,3
59,68,4
60,844,4
44,580,2
82,121,2
50,575,3
98,288,4
57,562,3
38,249,3
44,26,3
73,142,4
82,230,4
62,221,4
84,581,3
11,222,4
18,201,4
48,282,4
39,236,4
55,389,1
49,518,4
13,99,3
82,1276,2
3,880,3
18,933,3
67,641,3
75,353,4
94,271,4
52,628,3
28,677,4
74,203,4
74,240,3
90,342,3
11,229,5
13,450,3
13,272,4
11,762,5
42,312,4
85,108,5
39,225,5
5,415,2
1,79,5
99,522,4
57,280,4
12,96,5
85,943,5
57,294,4
27,617,4
4,318,2
50,469,4
49,317,3
40,664,3
48,327,4
99,660,5
16,300,3
11,236,4
40,390,4
6,380,2
11,398,3
5,1027,5
40,714,4
40,227,5
73,186,5
74,587,3
56,681,2
74,712,3
26,286,2
65,495,5
3,1301,3
13,1073,4
35,302,5
50,355,4
62,181,4
60,222,4
73,711,4
6,637,1
67,210,4
74,684,3
59,239,3
59,565,4
40,136,4
50,184,2
20,426,5
1,233,4
8,19,5
60,528,4
5,719,5
52,679,3
87,484,4
50,84,3
12,327,4
52,265,3
14,259,4
95,1327,4
0,8,3
11,754,4
36,865,5
31,334,4
3,1024,2
47,18,4
67,3,3
13,696,4
27,637,4
0,695,5
1,166,5
27,176,4
16,303,4
99,47,5
27,547,5
40,99,5
7,272,4
9,310,4
94,611,4
6,789,2
80,60,5
57,43,4
68,156,4
59,938,5
73,52,1
49,93,5
5,754,5
9,293,3
49,721,3
2,104,2
73,786,3
78,314,5
36,472,4
41,484,5
47,199,5
40,1209,2
5,283,4
99,82,5
85,78,5
41,635,2
60,1015,4
60,64,3
27,55,5
76,1018,5
67,654,4
45,120,3
40,14,4
80,1194,5
50,216,5
94,587,3
67,745,4
19,301,4
40,734,5
21,281,4
89,49,5
57,542,4
6,52,2
41,180,3
73,721,3
9,306,4
39,7,5
6,457,2
67,469,4
52,355,3
24,719,3
39,431,5
55,606,5
68,14,4
77,48,4
23,322,5
59,548,5
62,239,4
33,156,1
88,332,3
27,117,2
6,166,2
0,290,3
9,878,4
34,470,4
73,244,3
71,290,3
55,174,3
73,826,3
60,92,4
0,1039,3
60,120,3
31,209,5
34,474,3
6,69,2
59,558,3
67,80,4
70,515,5
82,819,3
50,186,4
27,77,3
59,559,3
29,939,3
24,221,3
3,312,5
70,213,2
1,219,5
70,1,4
99,55,5
11,558,5
4,311,1
13,378,4
13,695,4
27,578,4
27,141,3
42,335,5
18,120,3
2,743,2
29,762,3
57,418,3
13,801,2
59,150,4
94,426,4
27,432,5
34,149,5
85,0,4
40,225,3
5,838,4
74,201,4
8,18,5
85,1468,5
15,17,2
11,714,1
3,1012,3
62,214,4
13,1654,2
78,244,2
62,587,4
5,288,5
94,615,4
54,117,2
73,153,2
60,636,3
36,14,4
15,115,3
47,192,4
59,1516,3
3,350,3
75,69,4
47,196,5
70,577,4
20,68,5
59,355,4
49,406,4
74,146,4
57,98,3
6,309,4
5,179,4
50,695,3
1,779,5
93,448,4
60,938,4
92,272,4
75,149,4
73,190,4
85,630,2
73,1330,3
13,736,3
77,293,4
80,14,4
20,206,4
75,317,5
2,457,4
52,522,4
13,97,4
1,273,5
47,356,5
39,557,5
27,160,3
30,306,4
67,951,3
13,10,4
27,462,4
42,318,4
33,747,5
18,69,4
27,211,1
85,504,5
13,682,2
74,179,5
70,495,5
68,878,3
93,237,2
69,150,1
27,632,5
60,635,3
37,244,3
27,510,5
70,49,5
40,950,3
18,82,5
40,381,3
21,545,2
62,495,5
73,1282,4
63,1652,5
87,293,4
5,558,4
62,204,3
73,14,4
68,979,1
31,467,3
67,1427,3
3,338,3
99,116,4
85,500,3
31,150,1
39,602,3
93,181,3
71,18,3
85,1038,5
57,196,4
5,418,2
68,582,1
17,682,3
52,379,3
60,755,2
13,14,4
14,270,3
9,360,3
82,175,4
85,430,5
27,439,1
57,403,4
18,215,3
41,431,5
2,120,2
13,232,2
60,200,3
73,1434,2
20,152,3
78,149,2
94,209,5
44,809,2
54,1265,4
70,683,5
73,238,3
82,686,2
46,99,5
93,87,3
11,848,5
37,650,3
11,1134,5
76,513,5
17,99,5
12,97,5
6,394,1
50,466,4
49,6,3
89,320,3
87,126,4
29,30,3
82,689,4
59,61,3
11,545,2
7,293,2
85,1443,2
10,323,2
74,207,2
49,903,2
50,422,2
67,185,5
57,87,3
37,281,4
60,426,5
49,618,3
82,915,3
70,614,5
50,21,3
40,404,5
57,1209,3
31,267,5
29,37,4
31,1009,3
57,584,2
40,1100,4
2,8,4
73,596,3
94,215,4
5,7,4
40,965,4
47,314,5
73,1169,2
40,788,4
26,126,5
75,172,5
99,233,5
50,927,3
67,704,4
40,55,5
51,402,4
6,580,1
62,185,5
49,264,4
57,968,4
44,545,5
10,881,5
20,282,4
16,871,1
93,63,4
3,270,2
60,795,3
74,279,4
3,1665,2
20,1086,1
42,341,1
5,287,4
60,414,3
11,409,5
40,120,4
86,244,3
39,693,5
70,500,3
80,982,2
74,84,5
99,788,4
13,234,1
73,225,2
40,403,4
13,79,1
34,747,2
39,451,1
13,85,2
52,1141,5
26,49,4
3,514,3
59,769,4
3,1610,3
49,171,5
98,306,4
60,76,3
34,270,3
29,678,3
40,181,3
87,708,4
11,131,5
73,434,4
76,610,4
53,681,5
87,254,3
27,195,5
33,20,3
53,132,3
57,704,4
67,602,4
60,495,4
2,287,3
51,251,2
40,657,2
42,346,3
49,201,5
31,1097,4
92,695,3
24,596,4
70,97,5
27,454,4
3,1189,2
1,172,5
11,330,5
27,445,2
29,1032,3
31,404,3
59,24,4
54,545,1
67,880,3
60,442,4
87,174,3
1,503,4
74,828,4
27,674,5
88,303,4
94,404,3
22,759,3
11,916,3
9,312,5
77,290,2
60,79,3
1,146,3
31,779,3
78,885,3
87,186,2
74,426,4
94,286,4
62,119,3
60,226,2
49,565,4
11,1135,5
27,619,4
68,177,4
13,50,5
0,1046,4
13,747,3
82,261,4
49,413,1
80,178,4
77,287,2
77,99,4
5,368,5
79,954,5
85,132,3
49,670,3
86,285,2
32,8,5
87,190,2
31,1016,4
27,553,3
27,293,1
67,154,3
96,537,4
68,714,1
84,637,4
78,327,2
87,194,4
49,585,3
53,693,4
73,178,4
75,78,5
40,54,4
1,1053,1
60,146,2
15,1322,3
70,225,3
81,689,5
31,214,4
85,576,1
62,454,3
69,404,4
68,53,3
92,99,4
49,448,3
54,191,4
89,309,4
64,346,4
85,1418,1
5,70,5
3,345,2
73,24,4
56,886,4
29,256,4
93,229,3
3,537,4
31,684,3
95,284,5
52,203,4
16,309,4
40,143,5
6,201,3
38,830,1
47,512,5
18,72,4
92,299,4
84,530,3
3,1533,2
73,172,3
82,1674,3
50,664,3
82,805,4
54,8,5
24,116,4
2,117,2
40,659,4
30,872,2
99,323,3
4,327,2
91,370,4
19,49,5
60,65,2
65,357,5
85,227,5
77,209,5
82,203,4
82,91,5
67,1073,3
11,4,4
20,167,1
73,747,3
49,209,4
73,55,4
73,215,5
22,292,3
57,211,4
5,150,5
57,287,5
15,922,5
96,320,3
87,85,2
37,152,2
34,293,2
22,116,2
38,120,5
31,1058,4
57,478,4
52,192,3
39,488,4
52,116,3
99,281,4
74,596,3
50,692,3
40,156,4
6,424,2
39,284,4
6,21,5
11,1216,1
60,510,5
99,407,4
73,292,2
2,284,5
93,271,3
9,689,5
60,935,4
1,293,4
95,6,4
74,55,5
63,936,1
6,194,5
5,933,4
3,1172,2
82,94,4
0,846,5
57,8,4
50,227,3
74,167,5
6,519,3
73,275,2
60,507,4
37,410,1
57,1049,4
50,50,4
62,264,3
27,446,5
27,415,5
6,684,3
50,568,3
57,718,3
60,743,4
28,321,3
82,317,5
27,584,4
11,315,5
67,126,4
13,402,3
40,70,3
11,70,4
3,1668,2
1,21,5
74,355,5
82,1336,3
57,755,3
54,120,2
12,70,4
59,662,5
81,301,3
50,143,4
36,1050,3
60,1227,3
2,411,1
39,474,2
67,1238,1
55,656,3
96,605,5
31,846,4
32,507,4
27,483,5
91,731,2
73,149,3
15,581,3
60,320,3
67,1266,3
12,275,4
30,259,3
50,239,3
55,603,4
66,346,4
11,526,5
85,923,3
57,49,3
82,290,4
88,338,3
18,370,2
59,139,4
0,1016,3
43,11,5
19,330,1
24,201,5
70,53,3
60,287,3
60,122,4
9,270,1
75,1009,3
59,182,5
3,679,1
39,292,4
27,426,5
21,123,3
74,1010,3
27,513,2
74,24,2
85,678,3
11,231,5
27,673,2
1,719,5
11,1,2
70,486,5
75,213,5
47,477,5
52,163,4
31,256,4
67,1588,5
99,918,5
88,749,3
52,221,4
90,887,4
5,217,5
60,1217,3
73,64,3
11,504,5
60,424,3
85,131,4
67,76,3
82,753,2
94,1277,5
17,688,1
21,24,4
40,431,2
56,309,4
98,352,1
90,306,4
13,292,4
82,227,4
70,670,5
90,1023,4
68,19,1
71,9,2
34,322,3
40,61,4
23,288,2
9,257,5
40,891,3
31,1217,3
60,503,3
94,285,3
36,522,4
60,364,2
32,287,3
53,304,5
50,171,4
52,435,4
62,194,5
50,1272,4
62,227,4
68,719,4
11,182,4
24,225,4
93,270,4
57,4,4
46,293,2
62,367,1
62,388,3
11,519,4
67,761,3
60,468,4
49,553,4
57,427,3
36,831,3
11,1302,1
11,2,5
31,229,3
88,876,2
85,842,3
57,734,5
29,671,3
29,794,2
27,53,3
62,120,5
34,282,5
13,718,2
27,384,5
94,487,5
30,470,4
29,180,4
67,152,5
22,49,4
12,201,4
85,490,5
16,318,3
77,23,4
29,228,3
44,181,4
57,408,4
47,284,5
0,1027,3
39,632,5
82,63,5
11,280,5
98,299,3
27,199,5
27,512,4
27,105,4
62,195,3
13,833,3
67,646,2
60,760,2
17,537,5
21,470,4
60,44,3
18,721,2
7,1066,4
60,216,3
68,379,4
50,152,2
28,333,3
52,1038,4
11,272,4
6,116,4
71,310,5
75,577,3
30,894,2
75,427,5
52,233,5
12,68,5
13,671,2
18,146,2
29,122,5
34,889,2
20,590,1
85,417,4
62,76,4
65,332,3
60,179,5
60,84,4
35,303,4
73,526,4
60,38,3
82,156,4
5,1032,4
73,12,3
42,1293,4
16,937,3
60,577,3
57,142,4
67,468,4
70,440,3
1,411,2
82,1539,2
13,88,4
40,188,4
67,762,4
67,832,3
49,3,1
67,741,3
6,428,3
60,417,3
85,450,4
53,123,4
50,76,3
85,216,5
52,81,4
27,226,3
10,937,1
78,675,5
67,454,4
68,325,4
27,620,5
65,265,5
57,71,4
38,379,4
70,417,4
61,257,3
29,422,5
18,482,5
6,653,2
6,226,3
3,307,4
67,69,3
30,677,2
27,333,5
40,1118,3
27,323,1
60,279,2
5,426,5
29,67,5
4,1295,3
67,278,2
3,1663,4
59,64,5
93,131,5
31,475,2
95,236,5
90,750,4
44,801,3
54,134,5
3,337,2
60,1010,4
20,507,1
1,142,5
12,81,4
27,592,5
26,115,4
87,481,2
9,936,3
60,182,4
73,210,5
27,546,3
15,637,4
83,288,3
41,126,5
34,236,3
99,143,5
35,330,4
73,528,4
56,287,5
22,217,4
62,97,5
52,184,4
75,61,3
67,164,3
80,117,1
59,422,4
11,596,4
20,212,5
74,1011,4
67,511,5
22,333,4
60,236,3
22,221,4
17,242,4
6,1243,3
11,204,5
87,210,2
92,257,3
50,799,3
64,315,5
94,483,4
37,142,2
60,731,4
70,472,3
39,752,1
59,1146,4
63,85,4
11,615,5
51,992,4
82,326,4
77,193,4
91,642,4
6,427,1
62,135,5
59,39,4
88,302,5
40,21,5
57,309,4
13,998,2
40,624,4
52,755,1
11,232,4
57,317,5
62,192,3
57,724,3
49,4,4
85,418,1
20,480,3
27,22,3
27,496,4
69,0,3
78,282,3
68,990,1
70,21,5
62,231,5
49,674,2
83,329,3
87,299,4
21,1354,4
86,257,5
95,272,2
3,686,2
65,164,5
93,203,3
59,738,3
20,433,1
39,1008,2
54,290,3
3,49,3
40,417,3
44,240,5
29,626,5
82,260,3
11,72,2
36,215,3
38,105,2
13,253,2
13,545,3
59,96,5
5,68,4
27,70,5
22,562,3
27,196,4
60,126,4
61,301,5
59,1041,4
96,494,3
3,334,2
13,8,3
0,918,5
73,1011,3
93,442,4
17,989,5
23,987,4
67,567,3
82,931,3
6,135,1
27,265,4
59,626,5
74,762,5
85,574,3
62,124,4
67,236,4
13,21,5
44,32,5
5,411,5
57,1132,3
67,398,3
36,327,3
49,404,4
94,126,4
27,624,3
69,254,3
41,233,5
13,201,4
75,381,4
82,894,3
31,469,3
46,268,4
44,924,3
27,392,4
62,409,3
73,301,4
3,256,3
36,257,3
31,203,4
71,272,4
80,197,4
80,638,5
67,470,3
13,861,1
60,1118,3
53,214,3
17,285,4
4,688,2
82,879,3
85,654,5
5,561,5
29,417,4
67,384,3
70,195,4
0,6,3
60,283,3
68,750,3
60,463,3
29,549,4
49,577,4
11,291,3
39,133,5
67,574,3
85,1115,3
9,903,3
86,242,3
67,11,5
34,743,2
29,576,2
11,689,5
75,80,5
40,595,4
27,591,5
74,81,5
49,525,3
81,273,3
74,202,5
40,293,4
50,68,4
44,21,4
54,10,2
2,474,4
51,28,3
57,545,4
82,923,4
29,72,3
40,92,3
19,298,2
78,341,2
82,1093,1
60,199,3
43,958,4
22,108,2
36,285,4
29,779,2
52,248,2
94,707,5
63,257,3
27,418,3
89,285,5
6,370,1
57,74,4
26,309,4
18,401,3
31,694,4
13,555,2
37,44,4
59,719,4
27,197,3
19,327,4
13,1310,3
40,767,3
11,227,5
60,654,3
60,135,4
13,290,1
28,263,3
15,82,3
3,1081,3
27,613,5
6,526,2
52,297,3
13,464,3
78,247,4
39,215,5
85,673,3
67,1068,1
15,9,3
38,226,5
53,303,5
39,13,3
20,132,1
98,287,5
14,747,5
85,152,5
4,299,3
27,435,5
97,49,5
7,1114,3
85,156,5
66,291,3
70,595,3
25,309,4
36,322,3
39,746,3
27,564,4
74,688,4
67,326,3
4,326,2
91,450,2
85,201,4
6,929,4
31,32,4
42,285,3
66,299,3
60,221,4
5,175,5
85,471,5
25,677,3
57,126,5
94,377,4
60,230,2
92,221,4
53,181,4
15,1017,2
31,177,4
43,404,3
60,761,4
62,68,5
39,508,5
18,48,4
73,240,3
13,20,4
82,127,4
50,43,3
62,234,3
24,23,4
84,461,4
90,894,3
3,300,3
40,508,5
27,400,4
11,273,2
27,480,5
1,943,4
52,100,4
60,379,3
57,1117,3
18,238,4
6,402,2
27,607,4
52,525,4
82,181,5
5,224,4
36,0,4
43,316,5
56,749,5
85,76,4
18,0,4
73,1,3
94,287,2
61,268,5
73,99,2
82,159,5
31,11,5
99,194,5
65,876,5
73,474,2
36,476,1
89,8,5
21,286,4
38,24,3
74,180,5
68,161,4
57,120,4
4,339,4
67,738,3
43,146,4
13,183,4
50,1406,3
29,281,3
60,422,4
0,409,3
93,133,4
13,233,3
3,992,3
13,324,4
12,131,5
50,16,5
54,735,5
8,136,4
40,190,4
49,825,3
54,13,5
94,0,3
75,719,3
73,874,2
80,284,5
66,1293,4
67,1102,2
47,165,4
34,180,5
11,202,5
9,351,2
27,92,5
49,163,4
57,179,4
55,55,2
5,141,1
13,71,3
60,276,4
70,181,5
59,94,5
71,286,3
6,174,2
39,132,5
33,293,4
29,232,3
74,162,4
82,827,2
52,422,2
21,14,4
15,60,4
42,327,3
29,11,4
6,727,2
11,263,3
85,160,4
60,52,1
3,343,3
40,68,5
85,1045,5
54,314,4
0,1078,1
75,384,5
85,1181,3
6,222,3
11,221,5
5,870,5
1,392,5
62,839,3
60,381,3
3,748,4
3,1664,2
49,151,5
73,683,3
6,327,4
92,543,4
60,116,4
44,778,3
0,120,5
37,755,3
50,221,3
60,804,3
70,416,3
20,612,2
49,483,5
13,377,3
82,1253,1
74,0,4
67,512,4
29,90,4
49,183,5
82,929,3
47,237,5
44,1,4
13,256,2
36,695,4
88,343,4
68,707,2
70,496,4
67,275,4
27,401,5
55,134,4
80,58,5
59,4,4
90,753,5
24,180,5
88,269,3
13,53,4
6,406,1
6,1013,2
60,240,3
57,1420,4
77,69,4
13,76,3
85,171,5
3,986,3
40,81,5
11,143,5
59,109,4
11,171,2
6,678,2
13,630,3
74,124,5
6,683,5
1,1299,4
27,50,2
3,330,3
60,701,5
63,310,3
27,652,4
37,689,3
68,659,4
51,68,1
22,669,2
63,1627,5
75,1257,3
19,287,3
63,462,5
67,49,4
77,150,4
11,233,4
27,604,4
57,152,3
47,503,4
53,413,4
96,481,3
18,247,3
94,131,5
80,223,4
57,631,3
6,159,3
99,213,3
57,448,4
96,682,3
11,1086,1
1,1135,5
60,404,3
27,559,3
85,478,4
44,183,3
17,988,2
44,249,5
74,116,5
3,269,4
6,355,1
5,1412,4
39,285,3
44,81,4
13,1,3
35,333,5
80,1403,5
40,10,5
2,545,3
67,194,4
22,123,3
6,14,3
47,659,4
11,225,5
31,173,4
8,99,5
52,654,4
70,175,5
76,135,5
13,225,3
77,819,4
6,225,3
96,428,3
27,664,4
82,143,5
27,572,5
49,97,4
80,170,4
20,193,3
11,1168,4
67,731,2
13,823,1
34,221,4
36,249,5
32,1011,4
10,303,5
1,370,4
87,201,3
93,143,4
49,110,5
26,293,3
11,237,5
67,510,4
2,19,5
84,509,4
49,1257,2
15,583,3
27,653,5
65,287,3
11,639,4
53,21,4
74,404,4
27,99,5
67,123,4
8,8,4
70,464,4
1,131,5
28,872,3
80,935,5
72,6,5
5,167,4
65,47,5
1,353,3
1,684,5
57,677,4
3,1379,2
71,315,5
77,708,5
40,929,3
98,872,2
15,44,5
58,261,3
96,49,5
40,549,4
60,678,4
57,131,5
39,739,5
13,656,4
52,631,5
99,208,5
73,1241,5
67,202,2
34,878,4
1,285,5
13,762,4
80,69,4
75,32,3
2,454,2
59,1043,4
60,281,3
59,931,3
60,657,3
54,426,4
13,1409,3
67,1194,3
60,46,4
52,280,3
3,306,4
27,658,5
85,1182,4
5,472,4
6,570,1
60,169,5
16,327,4
5,126,3
82,454,3
2,369,2
6,454,3
6,126,5
17,287,1
50,95,4
40,709,2
13,1045,3
21,99,5
80,136,5
52,195,4
92,538,2
6,1209,2
29,540,3
6,0,4
12,199,1
27,636,4
71,268,4
85,190,3
27,491,5
15,206,5
38,1132,4
31,731,4
87,967,1
60,548,4
7,326,4
1,48,5
82,526,5
46,307,2
3,1642,2
66,327,4
46,310,5
49,727,2
57,1109,2
63,311,2
44,256,5
6,153,3
48,747,3
59,1335,1
58,268,5
43,287,3
67,1138,1
67,699,3
35,318,3
40,237,5
68,257,3
54,457,1
85,628,3
70,132,3
60,63,4
40,366,5
85,464,5
40,495,5
70,630,4
22,200,4
3,1299,2
19,8,5
20,377,1
22,338,2
52,830,2
49,574,3
5,1135,5
40,473,4
39,181,3
0,24,5
44,1214,3
96,212,5
36,219,3
87,514,4
15,69,5
6,150,3
45,762,3
55,21,4
6,545,2
29,173,5
54,643,4
74,755,2
40,108,5
34,0,3
35,244,5
5,403,4
74,232,5
34,256,3
5,24,2
85,416,3
0,404,5
44,232,4
57,730,3
60,1417,3
3,1015,3
57,381,4
99,653,5
62,434,3
67,59,3
39,653,5
67,943,3
6,584,2
67,32,5
20,486,4
72,279,5
49,184,5
78,301,5
13,508,2
13,203,3
52,173,5
40,185,4
47,222,3
41,117,3
11,474,5
93,126,4
50,173,4
22,741,2
39,606,5
49,215,4
3,1669,3
25,341,2
70,48,4
60,741,4
9,267,4
36,933,3
9,748,4
13,240,4
6,97,2
46,287,2
60,471,3
52,1012,1
11,142,4
11,345,4
37,409,3
71,309,4
5,117,5
11,595,5
39,25,2
11,110,5
13,780,2
38,741,5
1,789,5
99,110,4
28,258,3
67,478,4
29,249,4
34,116,4
43,268,3
99,9,5
75,826,3
13,1034,3
11,577,5
95,124,3
29,363,3
15,1008,5
54,739,3
11,183,1
6,507,3
66,315,4
59,6,2
73,316,4
60,671,2
36,120,5
55,221,3
49,227,5
11,738,4
29,237,5
48,884,2
20,1268,3
40,110,3
67,508,2
95,267,4
67,461,5
22,247,3
3,1667,3
27,7,5
60,1047,2
43,107,4
39,247,4
36,6,5
47,88,3
3,1236,3
60,626,2
11,71,5
22,457,3
68,244,3
99,179,5
72,14,4
95,590,4
70,202,5
57,209,4
30,875,3
60,998,2
72,247,4
88,309,3
73,152,5
0,618,4
85,635,3
40,541,4
90,291,4
43,771,4
52,260,1
52,31,3
5,163,4
15,528,3
64,69,4
67,626,2
81,314,4
60,738,3
18,1027,4
13,142,3
2,290,3
37,13,4
49,429,5
36,173,4
59,180,5
27,212,3
49,430,5
3,747,4
27,659,5
9,268,3
86,342,2
67,788,2
78,242,1
13,411,1
47,478,4
74,78,5
82,67,3
44,1302,3
15,509,5
40,249,3
82,300,3
72,274,3
13,727,3
74,234,2
67,648,2
11,267,4
57,215,4
82,110,3
70,648,5
0,239,1
88,689,3
27,185,4
82,111,1
13,1078,3
57,57,3
60,513,3
9,303,4
27,264,5
13,709,3
57,116,4
68,555,1
70,400,3
40,1283,3
68,195,4
74,685,5
59,101,4
67,8,4
6,1135,2
53,189,3
41,479,4
13,567,3
31,285,4
5,404,5
52,189,4
60,736,4
48,12,5
98,244,4
3,267,3
62,199,5
27,177,4
88,753,3
68,728,3
24,683,4
13,80,3
29,229,3
44,61,5
27,95,5
43,780,3
67,748,2
28,291,4
91,196,4
78,543,1
13,764,4
6,120,4
7,514,5
19,303,4
68,948,3
21,115,4
53,80,5
50,226,2
5,632,5
87,420,2
22,560,3
3,248,2
60,971,4
39,268,5
40,1227,3
68,631,2
82,1013,3
27,218,1
99,155,5
34,814,4
48,293,4
36,270,4
22,323,5
91,87,2
87,750,3
3,535,2
10,244,4
44,575,5
49,455,2
74,221,4
40,800,3
74,186,5
19,300,3
13,1187,3
39,279,1
89,288,5
49,636,2
37,299,4
59,28,3
44,553,4
13,558,4
33,179,4
3,1022,3
99,704,4
38,370,4
90,311,5
41,1038,4
67,247,4
93,516,5
58,321,2
40,162,4
50,426,3
40,62,3
44,561,5
82,980,1
49,614,4
67,211,2
59,167,5
94,672,4
6,822,2
7,869,2
49,575,4
85,182,5
93,55,5
59,171,4
22,589,2
19,180,5
68,469,4
43,180,4
6,1205,3
57,547,2
93,269,3
44,97,4
91,691,3
40,587,3
20,602,5
33,379,4
45,122,4
50,929,2
11,507,4
93,227,5
67,245,4
99,227,5
64,326,4
12,171,4
77,392,4
3,876,3
67,186,4
74,97,5
60,91,4
57,64,4
67,1096,3
57,39,4
40,214,4
68,91,1
80,281,3
50,248,2
57,938,4
57,222,5
13,698,3
88,747,3
11,567,4
91,110,1
17,150,2
62,140,4
85,166,4
47,602,5
57,150,4
82,479,5
15,1474,3
43,179,5
38,519,5
81,288,4
8,285,4
95,239,3
27,49,5
44,590,3
60,49,5
57,498,4
88,681,3
40,677,4
52,23,3
67,649,2
67,55,5
49,95,5
9,680,3
79,269,4
60,171,5
41,78,4
34,320,3
77,124,5
13,422,5
6,229,3
47,285,5
13,247,3
31,575,3
27,386,3
4,322,2
13,96,4
73,469,3
22,286,3
44,450,4
31,149,5
50,1248,3
60,184,4
62,65,3
74,226,4
67,289,2
67,519,4
3,690,3
49,409,2
40,650,5
62,368,4
85,89,4
54,627,3
67,95,4
39,87,4
18,99,4
33,227,3
11,446,5
2,695,3
73,1146,4
22,853,4
49,473,4
98,300,5
60,492,4
60,447,3
1,214,5
65,126,5
27,263,4
42,300,2
75,46,4
11,1418,1
49,39,4
49,82,4
41,72,4
3,879,4
36,293,5
32,1160,3
62,203,4
49,808,3
60,195,4
5,234,3
3,295,3
40,1043,3
27,216,4
5,672,5
6,186,4
45,478,5
71,287,3
68,677,3
80,543,3
45,202,3
73,72,3
39,462,1
99,189,5
49,545,4
1,318,2
42,268,4
49,1059,2
77,208,4
48,99,4
27,667,4
91,386,3
11,551,3
73,516,3
80,545,2
49,1175,1
27,612,4
49,434,5
43,927,4
60,664,2
60,1216,2
49,289,3
3,681,4
53,957,5
52,179,4
31,217,4
6,167,3
82,590,5
27,627,3
75,1066,4
27,227,4
75,683,4
40,51,4
29,88,5
71,303,4
67,422,4
5,120,5
72,236,4
87,524,1
89,409,5
27,398,4
27,623,4
52,208,4
13,190,3
18,380,2
30,747,3
47,482,5
87,1062,2
37,237,4
99,0,4
90,983,5
52,87,4
0,0,4
92,312,5
74,410,5
87,133,3
73,136,3
52,914,4
36,471,5
47,267,5
49,367,2
3,315,4
97,8,4
97,507,3
59,495,5
33,171,5
5,221,3
84,58,3
70,404,4
71,24,4
67,54,4
31,1207,3
75,188,5
35,988,5
31,942,4
31,549,4
40,393,3
54,507,4
47,504,4
70,7,5
20,7,2
6,1187,1
78,124,2
53,233,4
78,844,5
4,677,2
75,21,4
57,1003,4
49,173,5
94,1152,4
94,238,5
13,774,1
93,209,4
29,201,5
59,142,3
68,134,1
27,144,1
31,180,4
13,178,4
7,306,4
6,151,2
49,38,3
59,97,4
37,243,4
74,830,1
42,306,3
39,545,4
50,147,3
59,594,4
3,322,3
68,221,4
29,545,4
49,830,1
6,755,1
11,530,5
40,510,4
13,571,4
13,1038,4
13,1027,3
15,1318,2
59,794,3
70,569,3
36,78,3
78,689,3
27,611,5
3,268,3
82,482,4
7,320,3
36,332,3
23,257,5
57,632,3
6,574,1
77,731,4
94,353,3
49,747,3
5,317,5
89,457,4
73,392,4
55,424,3
52,196,4
85,194,5
92,271,5
73,745,4
13,289,1
44,236,5
69,125,5
7,1170,3
51,895,4
28,687,3
40,224,3
21,288,3
89,297,5
81,293,3
60,69,4
39,777,5
68,580,1
68,892,3
74,292,5
27,228,3
29,131,4
6,692,1
3,252,2
69,596,3
18,264,4
87,204,4
13,782,2
85,415,5
6,770,2
60,198,5
82,978,3
11,43,4
13,210,4
90,299,5
13,262,1
78,312,5
60,229,2
84,282,3
57,941,4
36,741,4
63,222,1
86,750,3
57,1146,4
46,297,4
94,199,4
66,314,4
39,115,5
93,236,4
6,446,2
60,641,4
57,363,2
7,6,3
37,236,3
76,339,3
60,1100,5
57,237,3
40,567,4
52,565,3
22,357,2
36,248,2
74,10,5
13,86,5
27,364,4
62,186,5
3,1386,3
41,513,1
89,871,5
85,572,4
49,628,4
55,422,4
68,211,1
73,207,4
31,107,3
96,259,1
62,0,5
57,741,4
52,197,5
39,136,5
99,461,3
57,290,4
36,977,2
39,198,4
29,167,5
37,454,1
20,27,4
45,190,4
15,1148,4
70,731,4
59,132,4
22,557,4
36,1013,1
70,6,4
40,132,5
49,207,5
52,57,4
47,136,5
13,976,3
25,689,2
71,241,5
18,160,3
1,161,5
11,275,5
58,324,1
79,331,1
3,1666,3
60,68,5
87,639,2
29,217,4
60,805,2
3,360,3
75,750,4
87,134,3
50,450,4
76,301,4
90,989,5
0,590,3
65,748,5
6,779,2
41,131,4
59,264,5
96,171,5
62,49,5
73,128,3
54,594,2
95,92,4
94,22,4
53,30,2
87,653,1
22,266,4
92,117,3
57,398,4
73,241,4
88,899,4
75,173,5
36,470,3
41,384,2
62,1027,4
94,526,4
2,125,2
44,180,5
1,132,5
7,257,3
78,99,5
27,229,3
5,1014,5
12,707,3
31,622,3
27,488,3
62,848,4
49,471,3
36,124,4
74,608,4
41,55,1
52,247,4
3,259,2
34,275,4
11,94,5
22,858,3
49,225,4
82,543,4
52,420,4
62,7,3
11,657,5
60,704,4
60,208,4
99,173,5
29,357,3
53,1295,5
27,571,3
67,184,4
52,747,3
1,723,5
99,656,5
67,27,4
15,1534,4
3,1404,2
29,664,2
60,133,5
24,422,3
13,1044,3
94,142,5
73,840,3
46,258,3
49,234,4
60,454,3
67,233,4
48,49,5
6,1139,1
27,503,5
36,147,5
59,27,5
74,594,2
62,32,5
39,450,4
17,299,2
13,865,2
25,332,3
54,741,5
49,683,4
5,696,1
90,897,5
93,257,3
71,283,4
48,300,4
59,297,4
92,124,3
43,167,5
20,169,5
49,230,2
74,11,3
83,325,2
99,221,3
36,263,4
27,88,5
13,4,3
77,108,4
31,398,3
41,549,4
12,195,5
13,287,4
3,287,4
17,291,4
31,1249,2
59,664,4
18,410,3
47,344,2
52,254,2
27,120,5
55,855,3
62,272,3
34,23,4
5,94,4
67,158,3
44,719,3
99,664,3
79,474,5
80,336,4
93,691,3
50,217,3
70,678,3
75,549,4
98,271,5
45,256,3
51,901,2
80,104,1
95,256,4
11,271,5
17,13,4
60,807,3
59,707,3
64,380,4
34,247,5
39,429,5
52,337,1
1,793,5
0,99,4
7,126,4
27,97,4
3,1643,2
13,1011,4
57,698,4
13,1230,2
36,107,1
73,1117,3
60,180,5
27,661,3
80,292,4
44,627,3
96,257,5
70,214,4
94,214,4
60,299,3
85,412,5
97,357,4
82,47,4
3,1607,3
50,229,2
52,1015,3
57,439,3
68,872,2
88,258,2
13,1177,1
40,272,5
49,412,2
20,485,4
73,1332,3
68,192,4
87,478,2
78,293,3
1,1040,5
92,627,4
33,418,2
68,276,3
49,218,4
85,968,4
13,1266,3
0,283,4
94,236,4
23,293,4
31,160,3
3,907,3
82,30,4
37,234,2
59,227,3
22,325,3
70,640,5
49,27,5
36,49,4
40,172,5
85,1117,5
21,321,4
52,251,2
60,365,3
77,90,5
54,234,1
73,130,3
72,256,4
74,68,5
39,495,5
31,543,4
75,248,4
71,236,4
18,49,4
77,172,5
85,119,5
9,325,4
70,660,5
44,355,3
27,72,3
52,639,4
11,317,5
44,1238,3
36,171,5
54,356,5
91,312,3
84,178,3
75,268,5
85,203,4
59,567,3
62,545,4
17,303,4
84,197,4
36,110,3
57,1135,5
22,324,2
7,145,4
76,191,4
9,323,2
58,299,3
52,88,4
82,823,4
67,819,2
67,865,4
6,160,4
75,41,5
81,241,5
26,1013,4
73,120,3
3,1013,2
59,1290,3
20,520,1
67,171,4
11,333,4
71,301,5
24,160,3
89,284,4
77,1486,2
60,634,3
43,1073,3
92,275,4
13,626,4
75,169,5
27,402,4
73,870,5
84,165,4
84,44,3
27,622,3
40,608,3
99,474,5
82,330,3
40,37,3
19,268,4
5,1083,5
85,225,4
50,287,4
29,160,4
62,1032,4
11,156,4
82,354,4
74,323,1
27,233,5
20,526,5
13,624,3
53,159,5
70,662,5
13,1152,3
11,940,4
24,448,1
74,316,1
6,408,2
13,1015,2
20,63,5
85,87,4
53,220,4
33,325,4
1,595,2
70,478,5
40,23,5
11,845,3
18,81,5
40,207,4
11,23,5
85,379,3
82,1275,2
77,82,4
27,306,5
6,238,5
60,846,3
92,750,4
83,747,2
27,284,5
94,184,4
39,422,5
72,8,3
57,184,5
2,595,2
39,312,5
52,176,4
44,430,2
57,505,4
82,474,4
68,285,3
67,198,5
6,110,2
52,30,4
50,71,2
99,131,4
28,689,2
13,672,3
75,54,5
28,681,4
6,256,3
37,273,4
52,1006,4
94,1044,4
20,0,2
70,704,4
52,357,1
13,731,3
6,185,5
68,654,4
59,201,4
29,231,4
62,505,4
79,933,1
82,1279,4
39,173,5
60,98,3
31,117,1
50,209,4
6,227,4
28,293,2
67,513,1
3,689,4
3,309,4
3,886,4
44,272,4
3,1657,2
52,454,4
67,662,3
13,734,4
6,1266,1
13,65,3
3,1251,3
43,14,3
64,538,3
1,190,5
29,116,5
11,789,2
49,1029,2
11,894,3
79,236,3
59,469,5
53,222,4
93,175,5
73,519,4
13,755,2
50,203,3
52,121,1
44,88,5
13,430,4
94,49,4
54,249,2
17,171,3
93,163,3
29,71,4
5,139,5
50,187,2
13,741,3
27,526,5
57,355,4
89,677,3
52,249,4
27,616,5
50,719,4
39,658,5
11,1313,2
13,722,1
60,51,4
11,325,4
37,1314,3
13,712,3
85,402,5
89,1032,4
67,209,4
7,13,5
93,635,2
67,946,4
62,678,5
27,595,5
59,81,4
5,104,3
93,53,4
99,404,3
67,1141,4
52,473,5
68,324,1
83,301,5
40,107,3
11,459,3
0,13,3
82,911,4
13,227,4
24,78,5
67,978,3
50,172,3
6,379,3
3,1037,4
63,234,1
3,904,4
18,203,4
28,876,2
82,179,5
73,254,3
1,160,5
26,297,3
27,598,1
26,1046,2
80,169,4
97,258,4
54,293,4
1,691,5
40,741,4
76,123,4
57,1262,4
29,1209,3
70,182,5
9,304,3
0,105,5
31,390,3
93,81,3
57,53,4
13,16,3
85,767,3
53,478,2
59,545,3
52,484,3
22,269,3
31,26,4
67,685,3
57,217,4
94,309,4
78,272,2
11,773,5
32,283,3
78,311,2
40,101,4
32,627,3
82,10,5
16,244,4
73,865,3
87,24,2
9,341,2
11,1078,1
3,871,2
86,305,4
13,46,1
27,206,4
42,244,5
63,304,4
54,171,5
27,650,5
92,116,4
40,46,5
60,568,2
29,401,4
3,1257,2
13,338,2
96,683,5
85,90,2
31,239,4
18,741,4
87,221,4
85,68,3
67,658,4
15,211,5
85,403,4
40,971,2
70,575,4
73,78,4
72,49,4
5,253,4
53,510,5
6,88,5
85,632,5
18,400,3
6,627,4
49,186,3
10,299,4
93,238,3
13,167,5
35,937,5
93,215,4
13,248,3
74,285,3
31,565,3
52,175,4
54,291,4
40,126,4
70,392,4
38,126,3
60,728,2
11,187,5
67,296,3
47,320,5
0,546,3
3,325,5
70,836,5
18,180,4
27,625,5
85,422,5
97,180,5
70,435,3
95,287,3
80,247,4
36,254,4
47,735,5
82,675,3
5,495,4
85,469,5
40,282,5
55,115,3
15,1511,5
3,329,4
50,1217,5
6,312,4
95,281,3
35,327,4
47,603,5
13,120,4
24,0,4
80,592,4
44,653,3
12,202,3
27,528,2
55,442,5
27,79,4
80,747,2
63,241,4
5,469,3
27,470,4
88,271,5
24,195,4
4,895,4
5,1050,4
59,316,5
1,400,3
31,422,2
39,639,1
74,222,4
2,712,3
51,288,2
96,603,4
60,567,3
40,139,3
11,234,1
5,304,5
87,706,2
60,247,5
49,22,3
57,95,4
67,92,3
34,303,3
74,356,5
26,755,1
7,305,4
62,471,5
39,99,5
49,1040,3
54,248,1
37,282,4
39,484,4
13,273,4
68,68,4
36,567,3
49,20,3
57,233,3
50,234,3
49,427,2
85,207,5
52,985,1
75,1,4
60,6,2
57,198,4
29,41,4
75,200,4
67,178,3
54,478,5
60,825,3
84,170,3
18,236,5
71,276,4
13,685,4
67,543,3
87,173,3
6,656,4
70,87,4
27,638,5
6,481,2
74,191,4
16,287,1
85,55,5
10,285,5
39,442,5
68,322,3
55,152,2
57,675,4
60,628,3
20,587,3
56,879,5
53,481,2
1,698,5
13,822,2
72,762,3
13,3,3
27,676,3
62,10,2
11,68,4
71,293,1
59,55,3
52,646,5
41,401,5
15,633,4
51,353,4
3,1255,2
11,287,4
49,839,1
60,150,5
7,675,4
73,809,2
48,741,4
82,239,4
93,228,3
0,741,5
93,353,4
67,432,4
11,1010,5
22,275,5
8,743,4
75,539,3
18,364,4
57,175,3
73,1349,2
52,271,4
87,480,3
49,925,3
39,165,5
52,587,1
60,132,3
32,136,2
32,128,5
67,208,2
70,174,4
94,734,5
26,14,1
73,160,4
54,514,4
3,301,3
74,194,4
75,760,5
60,27,3
74,819,2
47,204,4
39,948,3
60,725,2
60,25,3
67,596,3
73,182,2
37,1047,2
3,993,2
83,312,4
85,83,3
11,719,2
62,175,5
55,135,4
73,630,2
78,299,2
6,618,3
11,25,4
67,264,4
11,761,5
15,1343,3
44,116,3
73,59,3
31,402,4
37,106,3
15,85,5
57,140,3
22,440,4
99,514,4
36,133,3
51,257,2
61,751,4
13,355,3
57,611,4
49,210,4
40,1424,2
11,565,5
68,703,3
59,209,3
1,526,4
13,172,4
39,175,5
60,474,4
53,10,2
77,55,5
52,152,4
49,422,4
98,301,5
78,300,2
60,610,4
45,470,4
80,557,4
22,97,5
75,940,5
49,150,2
18,93,3
61,314,3
31,272,5
55,63,4
40,27,5
17,434,3
5,755,5
55,180,4
27,588,5
29,745,2
18,780,3
78,146,4
52,257,5
82,254,3
87,498,3
54,85,5
5,55,5
27,61,3
29,738,4
65,113,5
27,85,4
91,723,3
49,568,3
73,470,3
94,1062,4
27,381,4
41,3,1
60,1111,3
11,97,5
3,889,1
89,257,4
31,120,2
3,1215,2
87,8,3
33,249,5
50,180,4
49,49,5
82,1313,1
54,410,1
3,297,4
40,194,4
41,805,1
40,1015,4
50,840,3
59,225,4
37,49,2
93,551,3
70,377,4
82,914,5
74,229,4
50,410,2
57,138,3
52,1443,1
49,23,3
27,677,3
82,1286,1
85,589,4
71,297,3
42,687,1
27,621,4
94,97,5
73,427,4
50,734,3
49,106,4
62,924,5
44,577,3
67,203,4
41,147,5
13,155,5
50,117,4
98,342,3
44,122,5
65,134,4
7,0,2
83,287,3
45,236,3
74,155,5
82,306,4
3,1314,3
3,1393,4
13,432,3
22,270,3
13,541,2
20,661,3
13,365,4
86,307,4
12,317,5
31,567,4
13,146,1
18,7,5
9,307,3
73,236,4
30,680,2
70,173,5
57,24,4
74,626,4
52,687,1
6,55,5
5,698,1
8,284,5
7,136,5
82,878,4
49,716,4
29,27,4
27,575,5
60,940,3
87,88,4
13,1224,4
46,337,1
11,323,3
31,1184,3
15,1120,4
94,179,5
82,233,4
50,404,5
82,257,4
60,465,2
66,747,4
51,136,3
5,1034,5
43,234,2
53,701,3
82,351,1
11,154,4
18,185,4
73,176,3
40,540,2
94,203,3
66,312,5
11,27,4
74,549,5
51,270,4
68,222,3
73,1097,4
40,992,4
40,209,4
13,691,3
69,747,4
75,565,4
29,171,4
5,182,1
27,583,4
93,21,3
59,825,4
3,1141,3
50,236,4
27,646,5
27,180,3
6,87,3
35,291,2
71,271,5
59,726,5
13,848,2
87,282,2
40,602,4
60,1138,2
31,153,3
75,372,3
94,464,3
26,125,2
95,300,3
36,404,3
85,264,5
63,343,4
99,264,4
82,222,4
44,194,5
29,21,5
1,1300,5
49,506,1
57,83,3
14,353,4
62,567,5
13,474,3
13,108,3
36,256,5
65,486,5
60,583,4
55,172,3
49,1032,2
83,320,3
70,142,2
1,154,5
27,519,5
90,881,5
60,530,5
85,388,5
20,1038,4
11,41,5
11,14,5
60,627,3
27,420,3
2,984,3
11,124,4
99,658,5
95,404,4
68,581,4
87,142,3
5,442,4
87,704,4
77,49,5
13,303,1
74,434,5
69,923,5
67,120,4
39,123,5
2,14,4
40,707,3
53,276,4
10,320,3
70,237,4
54,49,5
60,558,3
78,180,4
63,320,2
39,43,5
25,257,4
50,577,3
52,181,4
73,184,4
5,186,4
88,257,4
27,126,5
85,49,5
44,200,3
60,456,1
11,186,5
13,539,2
3,751,4
40,48,3
85,769,3
85,440,3
6,182,3
13,218,2
75,183,5
27,280,3
93,217,3
52,545,2
94,173,5
66,309,3
40,469,4
82,272,5
40,116,4
25,327,5
5,968,5
23,300,5
40,317,5
13,924,3
73,475,2
56,267,4
28,332,4
18,727,2
32,275,5
70,728,4
6,213,3
27,135,5
96,479,4
15,651,4
63,508,5
73,232,3
27,447,3
67,128,5
49,1046,2
57,97,5
3,1526,2
74,927,3
49,549,4
25,346,5
39,53,2
76,1021,5
87,49,5
67,28,3
10,304,2
87,495,3
27,161,5
13,279,3
62,1530,4
82,120,4
82,294,5
40,76,4
60,793,3
47,181,5
1,450,5
59,317,5
47,57,4
60,274,4
60,745,3
87,496,3
69,312,3
68,543,1
33,384,4
78,292,5
31,587,3
67,407,3
82,271,5
15,1523,3
6,53,3
99,471,3
67,222,4
49,392,4
62,75,4
60,131,3
21,677,4
57,52,4
49,366,3
60,432,3
32,149,5
49,815,1
22,285,5
13,25,3
88,333,3
59,398,4
13,549,2
49,809,4
45,49,5
57,1134,4
29,650,4
15,1265,3
77,431,5
52,134,4
60,707,3
82,410,3
93,379,3
70,428,4
85,401,3
89,872,5
1,20,3
81,24,4
40,1032,2
85,567,1
49,1002,4
74,181,5
17,1345,4
49,929,3
74,925,1
52,691,3
5,717,1
13,1134,2
27,91,5
70,1268,5
57,1507,3
28,299,5
13,152,3
60,87,3
5,827,3
75,90,4
61,753,1
43,96,4
85,224,4
57,1521,3
21,116,4
49,14,1
16,688,3
40,231,4
35,262,5
73,209,3
67,136,4
6,104,3
52,202,3
29,117,4
22,136,5
26,124,3
51,81,4
39,11,3
11,149,3
85,390,3
67,267,4
51,339,4
67,84,3
36,595,3
3,1159,2
73,191,3
85,1,2
89,0,5
92,301,5
98,878,3
59,408,5
27,138,3
79,1661,1
11,508,4
50,32,5
3,947,2
31,95,5
73,413,2
12,190,5
99,652,4
57,558,5
63,305,5
71,306,3
41,322,2
15,1004,4
40,385,3
22,322,3
89,267,4
82,404,5
36,410,2
70,587,5
93,14,3
40,672,3
40,166,4
42,270,3
3,749,4
11,384,5
13,1436,2
50,185,2
92,339,1
57,1036,1
62,178,3
59,659,3
29,120,4
11,1027,4
80,99,5
51,881,3
12,752,5
9,690,4
6,736,1
11,355,4
62,497,5
26,252,4
60,478,4
29,163,4
70,209,4
62,741,3
5,209,5
50,925,4
1,567,5
69,288,4
99,1049,4
67,66,2
99,490,4
59,442,4
74,370,1
67,215,4
6,621,3
27,417,4
13,327,3
39,1315,1
87,189,5
27,609,5
7,590,2
85,95,4
95,299,4
31,41,5
60,292,4
55,677,4
27,316,4
40,627,4
98,335,3
49,384,5
29,209,4
60,506,5
7,247,4
76,885,2
76,704,5
19,285,3
20,96,5
85,97,5
57,236,3
5,992,5
19,274,5
44,233,4
39,274,5
27,222,5
62,287,5
40,432,3
67,155,5
74,225,4
67,1217,4
67,606,4
78,276,2
31,127,3
49,109,3
12,132,4
73,539,3
82,552,4
20,214,5
13,293,3
59,86,5
12,126,4
88,267,5
40,47,5
11,120,5
53,241,4
27,628,3
36,104,4
20,484,4
49,497,3
63,895,5
73,281,4
68,1162,2
93,69,3
40,228,4
92,404,4
68,283,3
13,299,2
40,356,5
81,1027,1
40,135,4
70,80,3
74,248,5
11,61,5
82,409,4
49,192,4
37,120,4
94,659,4
76,1020,3
33,428,5
55,208,5
3,991,2
47,85,5
7,99,5
84,169,2
25,242,2
60,1544,2
89,826,4
90,300,3
39,415,2
57,630,4
30,312,5
54,180,5
87,658,3
27,522,4
67,1193,4
18,584,2
22,233,4
27,31,4
92,23,3
17,507,3
67,124,4
62,405,3
11,314,5
50,283,3
13,280,3
67,630,3
3,1389,3
73,366,3
85,1132,3
50,160,5
60,192,4
55,175,4
6,163,3
44,683,3
57,1443,3
39,380,5
68,42,3
40,1111,2
67,97,4
57,413,5
71,300,4
43,285,4
52,95,4
77,41,5
57,528,4
63,899,4
65,175,3
70,94,4
76,302,3
57,845,4
62,478,4
37,704,2
74,69,2
13,242,1
60,249,2
49,470,4
61,901,5
57,1045,4
73,1022,3
82,49,5
27,3,5
11,309,4
11,24,1
11,718,1
71,284,5
87,854,2
59,470,3
27,356,5
59,76,3
52,135,4
6,233,3
99,49,4
29,175,5
58,293,3
62,202,4
52,293,3
22,1016,4
13,6,4
80,1005,4
36,273,4
3,323,2
60,128,4
11,469,5
13,87,4
69,120,4
82,332,5
70,81,3
31,271,5
38,221,5
39,57,4
44,1216,4
33,473,4
49,174,3
70,177,5
83,751,3
11,454,1
11,327,5
11,457,2
15,59,4
13,728,3
6,415,1
57,450,1
67,656,4
96,307,3
73,561,2
59,54,3
99,627,3
7,1136,3
3,339,3
67,181,4
37,762,3
89,293,5
57,370,3
67,401,3
33,228,4
27,651,3
9,291,3
99,168,5
73,257,4
88,750,3
27,642,4
70,754,4
71,292,4
49,509,5
13,275,3
39,1474,5
63,1100,4
57,1441,3
74,500,4
10,331,5
40,731,4
97,293,5
87,219,3
24,61,3
24,131,4
93,171,4
50,181,3
13,779,3
5,1078,1
82,171,5
50,26,3
40,565,4
67,483,4
6,1230,2
67,6,3
6,745,5
60,248,4
70,767,4
40,721,2
40,95,5
31,1313,3
33,209,4
60,203,4
79,514,5
6,707,2
87,464,3
11,635,5
70,116,4
20,693,5
87,602,4
55,182,4
40,287,5
21,318,3
29,410,4
0,594,3
12,194,4
67,23,4
6,575,1
49,274,5
70,236,4
74,741,5
75,160,4
85,153,4
31,788,4
67,497,4
57,293,2
73,195,4
49,251,4
11,823,1
11,659,3
13,720,4
52,334,3
59,940,4
40,545,4
40,94,5
46,291,3
99,234,3
59,402,4
74,543,4
67,727,3
5,759,5
0,236,4
32,1006,4
11,795,4
25,326,2
74,467,2
30,321,3
61,323,4
74,30,5
44,1072,3
67,71,3
40,72,5
27,76,5
90,340,4
73,264,3
49,513,2
73,68,4
99,99,5
41,228,1
67,523,4
73,985,3
30,325,4
36,229,4
59,406,4
85,1134,5
9,749,5
1,203,4
60,156,4
90,322,5
82,1015,5
57,199,4
15,51,3
22,409,5
94,96,5
62,182,5
56,312,4
39,222,5
60,227,2
20,203,4
22,180,4
44,218,3
11,575,2
75,1227,4
56,349,2
60,90,3
27,187,5
49,12,3
63,243,3
59,11,4
45,177,5
14,878,3
39,220,5
73,641,3
91,154,5
80,285,4
38,228,3
93,287,2
39,129,5
50,396,3
17,49,3
40,238,4
60,210,5
55,264,5
13,383,2
89,874,3
60,434,4
6,224,1
24,454,4
11,54,5
46,299,4
1,124,5
97,299,3
39,120,3
29,575,2
44,565,4
57,619,4
49,228,4
27,366,5
28,260,3
27,478,4
6,983,4
39,317,5
11,16,5
12,203,5
73,507,4
52,1027,1
89,507,5
47,513,5
89,878,4
53,1193,3
29,108,4
44,171,5
31,3,3
74,157,3
49,383,4
13,658,1
89,281,5
26,1131,1
82,265,3
27,558,5
37,15,1
97,987,4
72,434,4
40,716,3
81,310,3
27,257,4
52,143,4
39,155,1
44,53,3
61,748,4
5,927,5
18,110,4
60,461,4
56,301,3
85,641,4
14,327,4
27,287,4
13,173,4
31,185,4
36,1189,4
54,936,4
60,21,5
67,91,3
36,1114,3
16,886,3
27,589,2
27,645,5
35,285,4
86,312,3
27,414,2
94,130,5
60,1132,2
7,321,3
31,6,4
52,270,3
62,950,3
2,458,4
39,240,5
53,57,3
9,358,3
27,525,5
49,996,1
2,24,3
99,482,5
49,1071,2
52,750,4
92,988,3
31,1133,4
53,177,3
13,947,2
6,63,4
38,1015,4
63,890,2
55,51,4
90,288,5
26,283,1
4,344,4
20,131,3
44,404,3
16,689,5
40,160,4
18,237,3
44,863,3
3,989,3
82,251,3
59,233,3
69,845,4
18,87,4
80,272,4
49,562,5
57,185,3
70,117,4
13,184,4
53,466,3
49,160,3
85,510,4
11,379,3
47,426,5
60,815,2
6,571,2
74,322,1
28,879,5
74,720,5
82,891,2
49,202,1
20,139,2
99,95,4
95,275,5
11,49,2
59,312,4
63,317,5
11,175,4
27,274,4
82,976,3
16,880,1
74,545,4
6,203,4
11,801,4
67,380,4
60,639,3
31,761,4
51,123,3
28,1279,4
85,1206,5
20,215,5
36,119,2
29,140,3
31,808,3
67,31,4
2,324,3
4,244,3
95,120,2
60,561,2
49,89,3
3,291,4
14,350,3
59,844,4
6,691,2
13,364,3
94,522,3
33,11,5
67,645,3
59,187,3
55,268,5
57,395,2
85,670,2
57,622,3
77,237,5
44,569,3
33,270,2
60,431,4
27,308,3
92,353,4
61,873,5
97,894,3
39,65,3
64,353,2
6,144,2
57,513,4
49,526,4
62,672,5
11,53,3
62,469,4
14,321,3
60,89,4
70,62,4
67,404,2
60,163,4
75,37,4
33,215,4
40,671,2
31,345,5
6,134,5
11,401,4
40,256,4
4,257,3
11,650,4
60,377,3
11,11,4
1,965,5
60,370,2
46,747,4
85,432,4
50,558,5
3,354,3
73,124,4
71,294,4
49,433,5
75,91,4
68,961,2
57,578,4
5,239,5
97,677,4
57,37,4
82,1024,2
20,519,4
57,247,4
6,422,2
68,747,3
0,235,3
74,21,5
62,1050,3
63,271,3
62,496,3
85,495,5
52,317,5
3,346,1
50,116,4
60,586,3
3,254,4
50,120,5
6,392,2
59,84,3
44,117,5
8,282,3
62,180,3
57,124,4
6,384,4
11,84,1
22,447,4
94,370,5
50,38,4
49,501,5
56,688,3
41,590,4
64,99,5
57,650,4
49,826,3
13,230,1
44,567,5
82,283,3
57,203,3
11,1442,5
54,99,4
77,658,5
27,614,4
93,221,4
49,372,3
24,182,4
49,1049,4
97,126,5
11,331,4
75,185,5
40,30,4
18,476,5
52,49,4
40,401,3
67,12,4
27,567,5
66,332,5
44,65,5
70,612,5
55,209,3
41,173,5
92,327,3
99,854,5
11,293,4
35,288,5
15,169,5
71,257,3
11,290,4
20,201,5
52,237,4
59,47,5
59,216,5
51,12,4
5,12,1
16,936,4
93,150,5
31,221,3
92,894,3
27,574,3
49,1,4
73,825,2
73,1101,3
15,1484,3
40,80,3
18,755,4
57,692,4
67,169,4
12,160,5
82,312,4
60,202,5
29,0,4
13,236,3
13,331,4
80,461,5
85,43,3
57,178,1
6,1041,2
73,27,4
39,1316,4
34,49,5
39,355,4
60,384,3
95,99,3
74,385,1
5,201,5
6,257,3
62,87,4
52,209,4
57,306,4
65,8,5
18,273,2
44,552,5
59,131,4
50,378,4
39,899,5
29,567,5
57,415,4
61,885,4
18,923,2
99,319,5
6,387,2
49,193,5
24,81,4
5,71,4
31,484,2
27,482,4
27,428,5
62,527,3
54,125,3
88,299,3
11,12,1
62,435,4
18,116,4
25,330,2
11,863,5
44,549,3
54,630,4
6,940,1
76,518,4
50,848,3
49,108,5
3,1398,2
57,89,3
52,256,4
87,612,5
29,38,4
20,182,1
40,482,5
44,67,3
16,747,4
6,218,1
59,124,4
29,418,5
85,146,5
5,199,1
90,287,3
11,422,1
6,228,3
57,93,4
53,810,4
10,874,1
50,22,2
5,99,2
11,10,5
70,283,5
19,326,5
47,315,5
6,81,4
70,424,5
50,762,4
27,422,5
63,1254,1
39,713,4
25,322,3
6,741,3
11,197,5
42,326,3
73,193,4
6,1206,1
67,1021,4
94,159,3
31,116,4
16,268,5
100,62,5
100,85,1
100,88,1
100,99,5
100,133,1
100,136,1
100,165,1
100,192,1
100,202,1
100,212,1
100,222,1
100,237,1
100,271,1
100,284,1
100,285,4
100,301,1
100,315,1
100,320,1
100,339,1
100,344,1
100,356,1
100,426,5
100,434,1
100,477,1
100,483,1
100,487,1
100,495,1
100,503,1
100,512,1
100,527,1
100,530,1
100,603,1
100,653,1
100,656,1
100,735,1
100,1004,1
100,1062,1
101,62,5
101,241,1
101,244,1
101,268,1
101,285,3
101,287,1
101,288,1
101,293,1
101,300,2
101,301,1
101,302,1
101,306,1
101,312,1
101,318,1
101,320,1
101,325,1
101,327,1
101,329,1
101,340,1
101,344,1
101,345,1
101,346,1
101,537,1
101,747,1
101,751,1
101,888,1
102,24,1
102,49,1
102,62,5
102,105,1
102,120,1
102,124,1
102,126,1
102,134,1
102,180,1
102,221,1
102,226,1
102,227,1
102,228,1
102,234,1
102,249,1
102,256,1
102,370,1
102,379,1
102,448,1
102,449,1
102,470,1
102,514,1
102,519,1
102,630,1
102,741,1
102,830,1
102,878,1
102,1015,1
102,1132,1
103,6,1
103,10,1
103,21,1
103,31,1
103,46,1
103,58,1
103,62,5
103,68,1
103,131,1
103,132,1
103,197,1
103,213,1
103,222,1
103,233,1
103,241,1
103,268,1
103,276,1
103,285,3
103,304,1
103,453,1
103,466,1
103,478,1
103,481,1
103,490,1
103,502,1
103,510,1
103,633,1
103,681,1
103,693,1
103,701,1
103,734,1
103,810,1
103,1016,1
103,1099,1
103,1100,1
103,1140,1
103,1193,1
104,62,5
104,78,1
104,123,1
104,134,1
104,135,1
104,152,1
104,174,1
104,191,1
104,261,1
104,267,1
104,270,1
104,298,1
104,301,1
104,302,1
104,305,1
104,318,1
104,320,1
104,327,1
104,339,1
104,489,1
104,492,1
104,497,1
104,503,1
104,513,1
104,518,1
104,610,1
104,681,1
104,704,1
104,810,1
104,885,1
104,1018,1
104,1019,1
104,1020,1
104,1021,1
105,0,1
105,1,1
105,7,1
105,49,1
105,62,5
105,63,1
105,67,1
105,78,1
105,81,1
105,82,1
105,95,1
105,116,1
105,126,1
105,134,1
105,143,1
105,156,1
105,167,1
105,171,1
105,173,1
105,180,1
105,182,1
105,195,1
105,201,1
105,207,1
105,221,1
105,225,1
105,228,1
105,230,1
105,231,1
105,264,1
105,404,1
105,522,1
105,545,1
105,565,1
105,577,1
105,683,1
105,719,1
106,13,1
106,18,1
106,58,1
106,59,2
106,60,1
106,62,5
106,82,1
106,115,1
106,189,2
106,206,1
106,211,5
106,223,1
106,285,4
106,312,1
106,339,1
106,461,1
106,462,1
106,509,1
106,528,2
106,542,1
106,581,4
106,583,1
106,633,1
106,637,1
106,918,1
106,1020,1
106,1148,1
106,1157,1
106,1318,1
106,1322,1
106,1343,1
106,1346,1
106,1474,1
106,1511,1
106,1523,1
106,1557,1
106,1622,1
107,23,1
107,62,5
107,71,1
107,151,1
107,160,1
107,167,1
107,174,1
107,175,1
107,177,1
107,180,1
107,217,1
107,221,1
107,225,1
107,264,1
107,297,1
107,363,1
107,376,1
107,385,1
107,405,1
107,410,1
107,422,2
107,434,1
107,454,1
107,455,1
107,509,1
107,549,1
107,568,1
107,662,1
107,684,1
107,721,1
107,747,1
107,757,1
107,1040,1
107,1049,1
107,1059,1
107,1175,1
107,1270,1
108,62,5
108,242,1
108,257,1
108,285,4
108,288,1
108,291,1
108,293,1
108,300,4
108,307,1
108,320,1
108,322,1
108,677,1
108,689,5
108,747,1
108,891,1
108,894,1
108,900,1
108,987,1
109,14,1
109,24,1
109,49,1
109,62,5
109,99,5
109,115,1
109,117,1
109,121,1
109,124,1
109,125,1
109,126,1
109,150,1
109,180,1
109,236,1
109,241,1
109,248,1
109,252,1
109,275,5
109,281,1
109,283,1
109,286,1
109,293,1
109,297,1
109,309,1
109,311,1
109,314,1
109,411,1
109,475,1
109,755,1
109,845,1
109,1013,1
109,1046,1
109,1078,1
109,1131,1
109,1133,1
109,1162,1
109,1381,1
110,24,1
110,49,1
110,62,5
110,180,1
110,242,1
110,244,1
110,257,1
110,259,1
110,285,3
110,287,1
110,293,1
110,306,1
110,312,1
110,321,1
110,322,1
110,325,1
110,327,1
110,333,1
110,470,1
110,677,1
110,680,1
110,747,1
110,872,1
110,875,1
110,894,1
111,11,1
111,14,1
111,62,5
111,64,1
111,96,1
111,97,5
111,107,1
111,116,1
111,146,5
111,171,1
111,172,5
111,175,1
111,178,1
111,179,2
111,180,1
111,184,1
111,199,1
111,209,5
111,268,1
111,270,1
111,285,3
111,287,1
111,292,1
111,297,1
111,316,1
111,356,1
111,404,1
111,474,4
111,483,1
111,747,1
111,749,1
111,761,1
111,771,1
111,780,1
111,927,1
111,958,1
111,1073,1
112,24,1
112,49,1
112,62,5
112,180,1
112,242,1
112,244,1
112,257,1
112,259,1
112,285,3
112,287,1
112,293,1
112,306,1
112,312,1
112,321,1
112,322,1
112,325,1
112,327,1
112,333,1
112,470,1
112,677,1
112,680,1
112,747,1
112,872,1
112,875,1
112,894,1
113,14,1
113,24,1
113,49,1
113,62,5
113,115,1
113,117,1
113,121,1
113,124,1
113,125,1
113,126,1
113,150,1
113,180,1
113,236,1
113,241,1
113,248,1
113,252,1
113,268,1
113,275,5
113,281,1
113,283,1
113,286,1
113,293,1
113,297,1
113,309,1
113,311,1
113,314,1
113,411,1
113,475,1
113,755,1
113,845,1
113,1013,1
113,1046,1
113,1078,1
113,1131,1
113,1133,1
113,1162,1
113,1381,1
114,62,5
114,236,1
114,244,1
114,261,1
114,268,1
114,271,1
114,287,1
114,288,1
114,291,1
114,293,1
114,299,5
114,312,1
114,314,1
114,320,1
114,321,1
114,324,1
114,339,1
115,6,1
115,14,1
115,62,5
115,99,5
115,116,1
115,117,1
115,120,1
115,221,1
115,244,1
115,257,1
115,271,1
115,272,5
115,281,1
115,287,1
115,293,1
115,299,5
115,301,1
115,312,1
115,326,5
115,327,1
115,339,1
115,353,1
115,404,1
115,470,1
115,538,1
115,543,1
115,590,1
115,596,1
115,627,1
115,684,1
115,716,1
115,741,1
115,747,1
115,750,1
115,897,1
115,976,1
115,1312,1
116,0,1
116,14,1
116,49,1
116,62,5
116,120,1
116,125,1
116,126,1
116,150,1
116,180,1
116,251,1
116,254,1
116,288,1
116,299,5
116,312,1
116,404,1
116,470,1
116,475,1
116,596,1
116,747,1
116,845,1
116,923,1
117,13,1
117,60,1
117,62,5
117,69,1
117,85,1
117,105,1
117,116,1
117,117,1
117,119,1
117,121,1
117,126,1
117,136,1
117,178,1
117,243,1
117,247,1
117,281,1
117,292,1
117,309,1
117,332,2
117,380,1
117,458,1
117,461,1
117,472,1
117,514,1
117,557,1
117,638,1
117,639,1
117,747,1
117,762,1
117,982,1
117,1004,1
117,1005,1
117,1009,1
117,1010,1
117,1141,1
117,1193,1
117,1194,1
118,3,1
118,7,1
118,24,1
118,62,5
118,64,1
118,67,1
118,78,1
118,86,1
118,87,1
118,91,1
118,95,1
118,106,1
118,130,1
118,142,1
118,143,1
118,176,1
118,184,1
118,193,1
118,223,1
118,232,1
118,264,1
118,292,1
118,315,1
118,356,1
118,392,1
118,461,1
118,467,1
118,474,3
118,475,1
118,507,1
118,745,1
118,865,1
118,874,1
118,992,1
118,1048,1
118,1332,1
118,1435,1
119,8,5
119,18,1
119,62,5
119,85,1
119,88,1
119,99,5
119,123,1
119,165,1
119,179,4
119,181,5
119,187,1
119,192,1
119,204,1
119,212,1
119,237,1
119,284,1
119,301,1
119,320,1
119,339,1
119,356,1
119,434,1
119,463,1
119,474,5
119,477,1
119,478,1
119,479,1
119,483,1
119,487,1
119,495,1
119,503,1
119,504,1
119,530,1
119,603,1
119,640,1
119,653,1
119,659,1
119,662,1
